school,x,y,level,safety,attendance,misconduct,instr,teachers
610038,10.033318511849142,-0.7169880222635956,ES,99.0,96.0,2.0,66.0,70.0
610281,-0.42224067174084656,2.897478133439195,ES,54.0,95.6,15.7,84.0,76.0
610185,-0.8956095131287468,-0.6774645879189672,ES,61.0,95.7,2.3,36.0,48.0
609993,0.24673282423850884,1.9486271025584618,ES,56.0,95.5,10.4,37.0,48.0
610513,-0.07896007701433158,-0.6287217760825988,HS,49.0,93.3,15.6,55.0,54.0
610212,1.0057204617108568,-0.7931442599663086,MS,66.0,97.0,2.3,71.0,50.0
609720,0.504974662588817,-1.0380733003642737,HS,88.0,96.3,2.1,52.0,48.0
610342,-1.2079019100359634,-1.2710078770159359,ES,67.0,94.7,28.1,18.0,48.0
610524,0.3607697625322653,-1.0871455119071074,HS,70.0,92.7,7.1,51.0,48.0
610209,0.7108288232850959,0.682141041495123,ES,43.0,96.4,22.5,37.0,56.0
609799,8.294608673289286,-2.2035936870773454,ES,99.0,96.3,6.3,46.0,51.0
609947,0.06472399370932527,-0.8609423051997587,ES,49.0,92.5,27.4,33.0,41.0
609963,1.8880414257605325,1.494202326343255,ES,73.0,95.3,12.5,59.0,48.0
610210,-4.477372114736258,0.6805850526623364,ES,31.0,92.5,185.5,45.0,48.0
609808,-2.633195107872334,1.417362380297622,ES,28.0,94.9,2.9,60.0,48.0
610028,-3.8142514173837307,-1.2920455286221917,ES,19.0,90.1,31.2,13.0,19.0
610098,-2.0285293825393844,-0.317366198481645,ES,37.0,94.6,24.8,35.0,36.0
609788,1.1181163373622058,1.8788103600299582,ES,46.0,95.6,28.5,58.0,48.0
610334,-0.4544308503947775,-1.8772098203512086,HS,52.0,80.3,14.0,53.0,48.0
610131,-1.8961325525511474,-0.8583455852914442,ES,45.0,96.9,0.6,28.0,48.0
610316,2.98106459117531,1.0490583354931415,ES,81.0,96.3,33.4,73.0,54.0
609780,-2.2802188009299242,-3.590255182076175,MS,38.0,94.3,5.3,35.0,26.0
610339,-3.054344242623616,-0.7321928134370825,ES,23.0,91.4,34.3,42.0,42.0
610320,-1.1204268780266764,0.8099899266028501,ES,57.0,95.4,77.5,14.0,48.0
609837,-0.485008694717525,-1.3820767376715926,ES,48.0,94.6,6.2,63.0,31.0
610060,9.595753797687887,-2.573842176607352,ES,86.0,97.4,0.7,46.0,48.0
609869,-2.1563945863994105,0.9586842498885795,ES,31.0,91.8,29.0,32.0,50.0
610084,14.429387241087115,1.7374505623404006,ES,99.0,97.5,4.9,82.0,82.0
610229,2.7771436979141595,-0.5799534077016109,ES,59.0,94.6,36.5,61.0,48.0
610277,-2.6573854052051127,2.5812256907667868,ES,32.0,90.5,24.9,76.0,48.0
609951,0.8708076159800295,-0.2955726674356665,ES,48.0,95.5,5.4,47.0,48.0
610161,-2.5737521866767334,1.3043459272814728,ES,33.0,94.2,31.2,59.0,48.0
610171,-3.261095362145834,0.40127253045756195,ES,27.0,92.8,11.8,54.0,48.0
610037,-3.4434791277179086,1.233814626484987,ES,36.0,90.8,21.6,60.0,48.0
609887,0.5640601226350614,0.0753862213286421,ES,47.0,94.8,32.2,52.0,48.0
609836,6.765892944324193,-0.35648577863437575,ES,87.0,96.1,2.3,64.0,47.0
610268,-3.077333909097172,1.0471430006946771,ES,48.0,87.9,41.6,47.0,48.0
609941,-3.1019133924572198,0.6904051241527714,ES,15.0,92.1,43.5,48.0,48.0
610287,0.9494966533194479,1.7019715331268586,ES,48.0,95.5,28.5,40.0,70.0
609820,7.4581608497931144,-0.24239223214023164,ES,99.0,96.5,0.7,65.0,48.0
400018,-1.0918325597443912,-2.577359094454175,HS,38.0,76.0,12.4,33.0,48.0
610169,-2.688894044618753,0.5762116415295987,ES,23.0,90.5,8.6,34.0,48.0
610501,-1.075227970938275,-2.092922960492327,HS,38.0,70.1,21.5,53.0,48.0
609786,-4.920919110542094,-0.5519101687548102,ES,32.0,92.1,52.1,32.0,16.0
609871,-0.35144049931982335,0.2607323473793175,ES,48.0,60.9,0.0,47.0,48.0
609922,0.5776542614193421,2.424102855130211,ES,75.0,95.3,1.3,66.0,53.0
609764,-0.6899891066317753,-1.786902047194609,HS,46.0,83.7,17.2,45.0,48.0
610265,-2.1900672725988155,1.1041489236175137,ES,36.0,91.3,26.9,58.0,48.0
610290,-0.6683068201687619,0.03524441653619994,ES,27.0,95.5,0.3,48.0,37.0
610076,-0.3760680342507623,0.17528066311071658,ES,50.0,93.0,45.5,32.0,31.0
610150,-5.9755520353560065,1.074540891105795,ES,39.0,88.9,64.1,50.0,48.0
610175,0.38220828224740355,0.3173889070866724,ES,45.0,94.7,0.3,39.0,41.0
610087,0.2322964327387435,1.9536294065185273,ES,48.0,80.2,0.8,47.0,66.0
609969,2.265524921222668,1.0957271870940921,ES,63.0,94.2,17.9,76.0,48.0
610106,-5.1392681803685925,0.5791295134783373,ES,27.0,90.6,65.8,31.0,48.0
610317,0.4123704518177056,0.6317891485535739,ES,55.0,96.3,2.6,43.0,48.0
610381,-1.2830818030521811,-3.1953093796664422,HS,41.0,92.3,16.2,43.0,15.0
609821,4.633202181233173,3.374970194864903,ES,61.0,95.5,29.4,99.0,71.0
609827,0.17387823429421476,0.1408355873469446,ES,51.0,94.9,8.9,70.0,48.0
610353,0.5340177272972861,2.131431177637833,ES,58.0,96.5,1.9,72.0,55.0
609729,-1.2337033102983417,-3.4806029579714033,HS,48.0,81.2,13.8,29.0,31.0
610039,2.3761524007606747,1.109770798547074,ES,68.0,95.8,1.8,75.0,44.0
610238,-1.2649367648131926,1.3855255463168743,ES,54.0,91.7,18.8,63.0,32.0
609839,-2.2983059239291115,-1.078168613839382,ES,35.0,94.8,27.8,12.0,48.0
610345,-6.68029635200988,-2.1037174833095675,ES,26.0,91.9,70.5,1.0,41.0
610148,0.6291606811819179,1.851483922957245,ES,54.0,95.1,11.1,52.0,50.0
609679,-0.48030400900270853,-2.358236943696915,HS,59.0,86.0,9.7,51.0,44.0
610005,-0.004909719558081965,1.865726795015257,ES,42.0,94.4,0.0,72.0,48.0
609879,1.0484160587961011,0.1985957373230199,ES,44.0,95.7,35.6,30.0,54.0
609966,-0.9430865729441872,0.3953849696047534,ES,40.0,95.3,8.5,43.0,48.0
610366,-0.2016389323374723,0.5417110968978925,ES,32.0,93.4,11.5,32.0,48.0
610030,-4.547048629101557,-0.4918676218584945,ES,36.0,92.0,55.6,40.0,48.0
609996,0.2446518244630399,-0.12206729827157456,ES,53.0,94.9,4.7,35.0,51.0
609833,-2.963752023833239,-0.3452412615286009,ES,25.0,92.7,30.7,44.0,25.0
609732,-1.7650061760839253,-3.3443063235100845,HS,26.0,79.2,30.4,34.0,32.0
609875,-0.9044743275922685,-0.12715182370367495,ES,58.0,95.6,33.8,34.0,46.0
609986,-4.565943291751761,0.7192920669688908,ES,16.0,89.2,80.6,38.0,48.0
609813,-1.8817920581661725,0.383088676072176,ES,20.0,92.8,14.1,82.0,19.0
609883,-2.8295261467231456,1.3954563854577702,ES,55.0,93.8,39.5,51.0,49.0
610194,-1.91918426373997,-0.7538135056889117,ES,41.0,93.9,12.3,48.0,34.0
609897,-0.9292560277597612,1.9839685725489766,ES,24.0,93.8,16.9,71.0,48.0
610248,4.101248472276374,-1.3350767442425602,ES,66.0,96.3,6.0,22.0,48.0
610340,0.005427767614148527,-1.2107716025184847,HS,58.0,93.1,6.3,53.0,57.0
609753,0.5030135287469687,-0.7663053715477115,HS,87.0,92.8,5.2,47.0,40.0
609754,-1.2342032817301156,-2.0569353526803127,HS,32.0,90.3,28.2,35.0,48.0
609674,-2.0778955432222532,-3.8381105217831344,HS,27.0,68.8,33.3,30.0,39.0
609899,7.044270803732604,-1.083464945989683,ES,78.0,95.9,9.3,50.0,62.0
609705,-1.9712291270785394,-2.8983889039269655,HS,36.0,74.4,49.8,32.0,42.0
609863,5.033617796203923,0.07415927353308946,ES,66.0,95.5,2.4,55.0,48.0
609790,-2.2912237239435433,0.7385974344604852,ES,25.0,91.7,25.3,34.0,59.0
610347,-0.7788059251547691,1.748440470533663,ES,36.0,92.5,64.2,51.0,59.0
610499,-0.09061399475865116,-1.2384325934378118,HS,60.0,91.4,2.9,46.0,48.0
610170,1.1246222003775412,2.5421697037020077,ES,59.0,95.4,8.9,63.0,72.0
610004,-2.5271536845722227,0.09527049277311328,ES,14.0,94.1,36.9,34.0,48.0
609781,-1.732445878801035,3.185598175270888,ES,45.0,95.2,12.5,57.0,85.0
609873,-4.078684949422049,1.5338354320756578,ES,27.0,92.5,100.5,52.0,31.0
610063,0.17755007186696042,1.0093885130421207,ES,48.0,95.9,4.7,47.0,54.0
609804,1.0752281999880509,0.2055044855255595,ES,52.0,95.5,10.5,48.0,53.0
610083,0.13421361850546176,1.0044506926719556,ES,48.0,91.9,0.0,47.0,48.0
610380,0.3799903299713314,-2.2066488188007014,HS,50.0,91.3,5.4,54.0,48.0
609870,-0.9737553123194315,-0.242039752121831,ES,39.0,94.7,18.1,29.0,48.0
609835,-5.891981885411288,0.5020405026301196,ES,42.0,92.6,153.9,50.0,48.0
610223,-3.943146861858792,0.25311154209904263,ES,30.0,91.6,73.8,36.0,32.0
610221,1.5225429134772477,1.826608223318623,ES,48.0,94.8,5.7,66.0,44.0
609704,-0.8402244115181173,-2.032608438412375,HS,43.0,86.1,18.6,32.0,48.0
610402,0.053505245691201186,-0.7363499097766856,HS,48.0,96.7,0.0,47.0,48.0
609885,-4.74591367190837,1.2167994854813369,ES,41.0,90.7,26.3,35.0,48.0
609859,1.5133979985497432,-0.3935801531442672,ES,47.0,95.3,14.8,52.0,36.0
610515,5.436343029306228,1.7015664889268087,ES,48.0,97.3,0.0,47.0,53.0
610077,-3.3155643030430824,-1.5001305738203734,ES,28.0,93.4,19.6,39.0,32.0
610198,-2.7951726968027377,-1.211184617370959,ES,34.0,95.1,16.6,1.0,48.0
610533,-1.1248776978012855,0.6186013659790038,ES,48.0,94.7,7.0,47.0,48.0
609751,-0.03232855851736161,-1.5890742726477425,HS,48.0,92.9,4.4,47.0,48.0
610266,-2.325908968283615,0.515843574088933,ES,19.0,92.5,38.4,49.0,48.0
610188,0.7152491991521146,2.6649718790020107,ES,46.0,94.6,22.8,71.0,59.0
610352,3.0455770399524114,2.0306101423944414,ES,61.0,95.4,0.7,58.0,74.0
610254,-2.7033828236477615,-1.1354639127371504,ES,46.0,94.2,4.4,69.0,13.0
609736,-2.327715974068801,-3.8734548896065406,HS,27.0,62.5,24.4,47.0,25.0
610132,7.8115491240658645,-0.9351202800704197,ES,99.0,97.6,0.0,88.0,41.0
609901,8.913460283534954,-1.0473123574088332,ES,99.0,96.9,3.4,53.0,70.0
610523,3.838907632831284,-1.6585206597483417,ES,95.0,96.1,6.9,49.0,48.0
609819,-4.81308457298646,-0.28725516797436934,ES,1.0,89.3,82.0,22.0,48.0
609815,-2.019242584944424,1.382711183759731,ES,33.0,92.9,28.0,50.0,58.0
610246,0.9078065657284855,-0.8775048911630803,ES,47.0,95.0,10.3,48.0,48.0
609881,1.2908996310310277,3.606574298664999,ES,38.0,93.4,20.3,52.0,79.0
609862,-0.5249507826060177,1.4359667261333662,ES,22.0,95.1,24.9,54.0,53.0
609909,0.4106512688063953,0.9348655242131313,ES,48.0,95.3,2.4,47.0,45.0
610012,-2.8622486742474047,0.6634922971874087,ES,50.0,88.9,16.0,41.0,26.0
609904,-0.23655664743146798,1.473500187377869,ES,30.0,93.3,17.4,55.0,48.0
610006,1.3556562354943273,0.029602229861797218,ES,77.0,95.4,12.2,49.0,54.0
609735,-0.9921371647347135,-2.362697882225402,HS,34.0,78.4,13.0,37.0,35.0
610315,-0.6900821481355689,1.847039816635096,ES,27.0,93.8,31.0,48.0,48.0
609708,-1.081392797758014,-2.6551959679300214,HS,26.0,84.3,10.3,23.0,48.0
609913,-1.5185722164523154,0.0388028176430722,ES,44.0,91.6,47.5,56.0,28.0
610233,-5.07962123286597,1.4775193259569943,ES,29.0,89.7,67.2,50.0,48.0
610227,-0.6486729846411562,0.9693303093918915,ES,44.0,95.8,11.6,53.0,48.0
610195,5.608922874909014,-1.3318107720234282,ES,86.0,95.6,6.8,59.0,48.0
610119,-1.4122381719041572,1.0408155523876654,ES,51.0,95.2,7.6,61.0,55.0
609852,3.308788174915283,0.5414380541407576,ES,70.0,95.1,2.9,51.0,48.0
610235,-1.9306856197100342,0.7348314335986681,ES,31.0,94.3,3.0,50.0,48.0
609682,-1.9634049602655967,-3.3436864635873853,HS,30.0,90.6,17.3,19.0,34.0
610073,4.158210957846175,3.847804083494495,ES,99.0,95.5,12.2,95.0,90.0
609712,-1.8881412152206078,-2.2373808632544128,HS,13.0,84.8,47.1,28.0,50.0
609973,2.5840924959915226,0.8238156884586875,ES,60.0,96.6,2.8,42.0,79.0
610065,-5.501912921365194,0.3967721470438471,ES,31.0,88.0,95.7,40.0,42.0
609916,-6.499780556550478,1.6213857496875221,ES,30.0,89.9,101.2,63.0,47.0
610203,-0.10551652008225987,0.6281601015971047,ES,48.0,95.8,2.1,47.0,54.0
610543,0.4186695098592142,-0.2740090584766484,HS,67.0,92.2,3.0,63.0,64.0
610137,3.012090990666346,-2.4631544533559984,ES,71.0,95.4,23.4,42.0,48.0
609908,-2.029721858015674,0.9259918374515035,ES,36.0,92.9,34.0,43.0,48.0
609918,-1.8386078751339883,-0.8841934090681719,ES,42.0,96.8,10.0,37.0,8.0
609874,1.2791761793251601,-2.7651641718043285,ES,44.0,95.9,2.7,1.0,48.0
610319,-0.4783605453409013,-0.713594418467175,MS,60.0,96.1,5.5,44.0,65.0
610057,-5.212643917977671,-0.2439247507037647,ES,31.0,93.4,43.4,34.0,25.0
610541,0.13720885164313085,2.3856174592460393,ES,53.0,96.8,43.8,58.0,82.0
610120,1.3329851048113668,-0.6779858510689124,ES,51.0,96.3,1.2,47.0,37.0
609917,-3.457843641400056,-0.7602101450552317,ES,29.0,93.4,29.0,43.0,50.0
610258,-5.871538261929426,1.3540134191505935,ES,20.0,90.0,156.6,46.0,48.0
610096,-1.2065208248730879,1.1491647706216601,ES,35.0,95.6,9.4,48.0,72.0
609924,1.1590862862422586,1.6691357691633395,ES,34.0,93.4,24.5,71.0,48.0
609927,-4.421785478168923,-1.1099209569395618,ES,11.0,93.7,33.6,22.0,46.0
610215,-1.7534279895695262,-2.0644721926291663,MS,49.0,95.1,7.1,47.0,34.0
610067,-3.0356057913491283,1.330258498719271,ES,23.0,93.5,9.1,54.0,61.0
610114,-4.619940152897297,-0.5761647822596896,ES,38.0,90.6,20.7,39.0,28.0
610020,-1.4104536076765497,1.8942509038871358,ES,37.0,91.9,39.6,64.0,48.0
610112,-2.2815143180307422,1.2743267320568872,ES,30.0,91.9,39.0,57.0,48.0
609800,0.20665630645167538,1.069844479851052,ES,46.0,92.5,6.5,66.0,56.0
609939,-1.8072449570535392,0.4609681647263114,ES,27.0,91.9,2.1,45.0,48.0
609926,5.84928364707335,-0.7904489530123612,ES,87.0,95.9,5.6,55.0,48.0
609958,0.2679947204899935,-1.3765278507669712,ES,46.0,96.6,87.3,45.0,14.0
610144,0.5730744095052743,0.053132164646960404,ES,48.0,97.0,8.7,34.0,48.0
610165,-0.8030076169203052,-1.5117377517724055,ES,48.0,95.8,2.1,47.0,26.0
610503,6.01706123274115,3.334360414028997,ES,60.0,96.8,7.2,72.0,55.0
609854,8.531004089786402,5.158071892740963,ES,86.0,96.9,1.7,99.0,99.0
610245,-1.0970750062395525,-2.4289449845076483,HS,44.0,79.2,28.0,37.0,48.0
609930,-3.641586543792344,-1.9479644789219293,ES,16.0,94.7,16.8,16.0,48.0
610163,1.4973827477776436,2.82439501711385,ES,48.0,72.4,0.0,47.0,81.0
610010,0.4347518130280851,0.32329898977120297,ES,72.0,94.7,19.9,59.0,48.0
609737,-0.5489317547265934,-2.8560678637112713,HS,70.0,87.0,4.0,51.0,29.0
609709,-1.940141987703893,-3.245203600180498,HS,14.0,72.5,19.5,37.0,35.0
610009,3.1641315416753075,-1.4260342629247178,ES,65.0,95.0,3.1,42.0,33.0
610072,-1.6990431418610683,0.3616241805653634,ES,28.0,92.0,10.0,55.0,36.0
610293,-1.6427733404918643,2.1743772272927804,ES,61.0,92.1,26.0,77.0,48.0
609779,2.8008655570525645,0.538581060445688,ES,59.0,96.3,8.1,64.0,45.0
610062,-0.09528697088916901,0.2505613600212838,ES,49.0,93.2,7.8,40.0,48.0
610196,1.9699235990159283,0.9400421382148757,ES,61.0,96.3,6.0,60.0,59.0
609849,2.761114130363219,0.2916544157043417,ES,76.0,94.4,13.8,36.0,61.0
609761,-1.2256443451352197,-2.2118691771501067,HS,33.0,71.3,23.4,48.0,54.0
610305,1.5104084860465585,2.0437238914829523,ES,48.0,92.6,3.3,47.0,77.0
610048,-3.8637820280753044,0.22521381176711677,ES,43.0,91.0,44.0,40.0,48.0
610139,0.8170407042342973,2.1291893118598355,ES,59.0,93.5,14.6,75.0,48.0
609795,2.0471938283006,-0.2747929006056157,ES,39.0,93.9,14.4,36.0,48.0
609760,-0.6775692581017261,-1.8293620229139187,HS,53.0,91.6,8.9,34.0,48.0
609845,-3.868206160411514,0.21616845397654819,ES,25.0,90.9,15.6,30.0,48.0
610219,4.208885649629178,1.0751908455202825,ES,58.0,95.5,5.6,43.0,76.0
609739,-0.9566984730462749,-2.1340045647241968,HS,46.0,80.2,12.7,36.0,46.0
609900,-0.4601697463963448,2.741569952102088,ES,23.0,93.8,18.2,58.0,48.0
609693,1.7335919759180838,1.461134646425193,HS,74.0,93.6,2.0,80.0,71.0
610202,-5.949766736735229,-0.913813869207263,ES,6.0,91.4,65.5,41.0,44.0
609920,-1.4317021598242967,0.178320377763615,ES,44.0,95.9,3.3,48.0,43.0
610187,-0.9080079776133609,1.5860529757693318,ES,49.0,95.2,77.0,57.0,48.0
610285,-2.9852621286795076,0.5415020154716811,ES,35.0,91.9,41.5,31.0,48.0
610383,0.10763823691516457,-0.4501157679797309,HS,43.0,87.5,16.4,44.0,65.0
609857,1.23443337753998,-0.7401544852905635,ES,64.0,95.0,6.1,47.0,44.0
610241,-1.2305018586273546,1.8246954651826734,ES,26.0,91.5,58.8,76.0,48.0
609741,-0.8349348448704528,-2.0749793252167086,HS,42.0,89.3,4.3,29.0,48.0
609726,-0.3693757577425445,-2.003235505405658,HS,64.0,87.1,0.1,49.0,48.0
610182,7.460457938670968,0.9455854540598384,ES,78.0,95.8,0.8,62.0,62.0
610068,-1.9574698216379942,-0.34954111350710415,ES,35.0,95.0,24.4,33.0,48.0
610124,-0.6969040656436888,0.40289040128099196,ES,28.0,96.1,3.1,63.0,48.0
610192,-4.293495967473444,0.21643927280352673,ES,28.0,93.8,13.7,31.0,48.0
610158,0.29669128041160986,-0.9010734943108568,ES,68.0,96.2,2.6,50.0,48.0
609974,11.009947962156986,0.5908612705652972,ES,92.0,96.9,1.2,56.0,84.0
609985,0.7792321600583356,0.27930092373506366,ES,29.0,93.8,13.4,63.0,52.0
610122,1.2861437274423124,-2.328748292291978,ES,58.0,96.7,5.8,22.0,48.0
609972,-1.5479348926020016,-0.43274708019920055,ES,43.0,96.2,23.4,49.0,30.0
609856,-2.2189953227240844,-1.333950779341477,ES,38.0,95.2,6.0,30.0,31.0
610040,-0.47962134157197295,0.08397872569387767,ES,48.0,96.2,0.0,47.0,48.0
610092,-1.3148178521793052,2.702704440362399,ES,41.0,95.1,27.9,76.0,48.0
610279,-2.6111261703961293,1.9927787400831165,ES,33.0,91.8,43.1,55.0,48.0
609861,3.1894336388530236,-1.010887643741301,ES,45.0,95.1,8.4,61.0,51.0
610297,-2.289874944325537,-4.7052922969584134,HS,48.0,72.0,43.4,47.0,28.0
609798,2.926993647834721,-0.07054484999461377,ES,64.0,95.0,21.3,69.0,51.0
609768,-1.3973561915237411,-2.5507541894095835,HS,31.0,72.2,24.0,44.0,35.0
609850,2.006515104282408,-0.8900474564849962,ES,65.0,95.9,6.0,38.0,48.0
610052,-4.416039210490596,-0.900486834670358,ES,28.0,92.6,44.4,30.0,24.0
610058,-2.012673916283712,1.1144139485938531,ES,42.0,91.9,40.0,56.0,48.0
609713,-1.7372252972665543,-3.071576247133707,HS,29.0,70.5,18.5,43.0,41.0
610390,0.045652574169344554,-1.2765821802317312,HS,64.0,92.9,15.4,42.0,48.0
610110,0.4455961072834323,1.5944425927669998,ES,49.0,93.2,9.5,93.0,48.0
610273,-2.7182444086606528,2.630811503504242,ES,31.0,92.1,20.9,98.0,48.0
610384,0.09491287268795459,-1.0764366331186273,HS,58.0,92.2,7.5,65.0,48.0
610078,2.108462996962491,-0.040285335350645636,ES,67.0,96.2,3.0,51.0,48.0
609848,-3.17235362851406,0.21018921150076342,ES,39.0,92.9,49.0,39.0,48.0
610532,-2.6237053718208663,-3.985049997072671,MS,34.0,95.5,14.8,27.0,27.0
610125,-0.7178169944145207,1.045353879520652,ES,57.0,95.5,15.9,62.0,56.0
610276,-2.405538706789634,0.8514248347499175,ES,44.0,91.1,36.1,38.0,48.0
610103,-4.069520624466908,-0.13976326301468864,ES,17.0,92.1,24.6,29.0,48.0
610256,-2.98541965515302,0.8753157870995995,ES,48.0,90.5,47.9,47.0,48.0
609797,-0.23781969290206312,1.7627060052699115,ES,63.0,95.4,0.7,58.0,48.0
609766,0.5350915648003294,-0.4910867516722538,HS,57.0,87.6,3.7,20.0,69.0
609912,3.3601079443108817,0.03187837602391547,ES,55.0,94.2,1.7,38.0,59.0
610070,0.06559932514990038,-0.6271091781120214,ES,71.0,96.5,1.2,38.0,48.0
610066,5.294844467362858,-0.8914837320353709,ES,99.0,96.2,0.0,52.0,48.0
609803,7.975779153891461,-2.241872867871623,ES,99.0,96.4,2.1,74.0,48.0
609983,-2.743250547225901,-0.4879366201189786,ES,22.0,95.4,48.8,24.0,48.0
610047,-2.226612242593657,0.3331459705801755,ES,39.0,94.9,12.4,28.0,48.0
610074,-1.5931586193584553,-0.9404697282056557,ES,45.0,95.1,22.1,22.0,48.0
610200,-4.364164258424602,0.6392405507532476,ES,32.0,91.8,45.4,39.0,48.0
610107,3.294615527150403,3.7198440323739375,ES,83.0,95.5,3.2,58.0,94.0
609891,-5.391443260373126,0.45409723839891336,ES,30.0,91.4,134.8,46.0,48.0
610044,-1.726477497108297,0.56535647927733,ES,39.0,93.2,11.2,40.0,48.0
610174,1.212078783614526,1.5093001732020845,ES,38.0,97.0,13.9,58.0,48.0
610213,-1.4901463367655614,0.23830352604489696,ES,48.0,92.2,8.0,47.0,48.0
610217,4.885010182827004,-0.5343352856408305,ES,49.0,97.8,1.3,46.0,56.0
610274,-0.8558692559914333,2.129963314169835,ES,67.0,94.7,1.4,75.0,66.0
609772,2.0133429294959297,0.1192975019965127,ES,56.0,96.0,5.0,46.0,44.0
610093,-1.0857325980732493,-0.10174101236955922,ES,42.0,88.9,5.0,28.0,36.0
609796,5.84035681170164,-1.4272355143059205,ES,63.0,95.7,7.4,47.0,48.0
610031,-1.9292343142233044,1.4535327826455018,ES,44.0,94.1,14.3,38.0,72.0
610271,1.6649210114114876,0.817302403348607,ES,35.0,93.1,17.2,67.0,40.0
609932,-0.7437341338862958,0.6977879971536467,ES,48.0,91.3,4.9,47.0,48.0
610173,0.5783504885234332,2.7990144244182185,ES,38.0,92.0,3.9,58.0,48.0
609942,3.75038678184408,1.1763234009157408,ES,75.0,95.8,5.6,52.0,69.0
610216,1.2639703115048564,1.7508321670510072,ES,60.0,95.1,2.9,91.0,48.0
609789,1.202204529979445,0.9374871698224234,ES,35.0,95.1,5.6,81.0,41.0
609894,-0.3829823001286558,0.43244477201672515,ES,59.0,93.8,43.3,46.0,16.0
610089,1.2442597041083359,0.572495600899559,ES,80.0,95.6,1.9,59.0,48.0
610243,2.232553073883524,3.2454841327865984,ES,52.0,95.9,4.6,54.0,88.0
609829,1.1549101186609354,0.08350196437470071,ES,50.0,95.6,0.2,38.0,53.0
609866,6.5300220809469325,0.09597664950839094,ES,87.0,95.9,1.4,39.0,56.0
609893,7.13993768290913,0.9447192899103646,ES,74.0,95.6,10.8,79.0,51.0
609959,3.60982060018194,-1.3262385451483925,ES,32.0,98.4,0.3,37.0,48.0
610176,-1.0502263923642838,0.665472655943689,ES,32.0,93.2,40.8,51.0,42.0
609898,-2.236498638571851,-0.7606266786964151,ES,42.0,95.3,13.1,34.0,32.0
609919,-2.298984211413028,-0.6328662291312536,ES,13.0,92.9,37.1,55.0,35.0
609718,-1.721876434714501,-3.676355082615806,HS,53.0,83.0,22.0,27.0,24.0
610263,-3.011307233717817,0.43299439414551616,ES,42.0,94.1,28.2,42.0,21.0
610228,-2.8852508404077266,0.2608071868475138,ES,65.0,94.9,3.8,24.0,48.0
609694,-0.8688743786956092,-3.28995662294941,HS,51.0,78.2,7.5,41.0,42.0
609971,-0.8675367896412884,0.7165982304257863,ES,51.0,93.0,8.7,61.0,36.0
609975,-0.20590151144650123,1.9115591651139274,ES,44.0,92.9,30.8,61.0,48.0
609964,-1.3204745973779393,-1.1774897398147894,ES,33.0,94.4,7.5,43.0,33.0
610026,2.6656384697774533,-0.5351104765733793,ES,64.0,95.4,14.9,54.0,48.0
610207,1.7623994942103063,-0.6494329876556274,ES,74.0,97.2,0.3,31.0,48.0
609782,7.100094612902188,1.4955984369281623,ES,95.0,96.2,4.5,60.0,65.0
610126,3.957623548938611,1.8026607914015766,ES,48.0,95.5,19.2,47.0,78.0
610054,0.13620102326607314,0.14473149443919456,ES,72.0,95.7,5.4,39.0,48.0
609723,-1.0575684675069374,-2.3793799618581075,HS,51.0,74.1,42.9,46.0,42.0
609710,-0.901204881199196,-2.8830250210151274,HS,48.0,81.2,21.6,47.0,48.0
609954,1.6159628829843713,1.9613636773473135,ES,44.0,95.2,3.2,43.0,59.0
610180,-3.392804554892991,1.6326534838494557,ES,37.0,92.4,20.1,64.0,48.0
610199,-0.3302680433472655,1.5531492316688338,ES,60.0,95.9,23.4,63.0,48.0
610111,2.886434480261781,1.0196933187078145,ES,75.0,96.3,12.8,68.0,48.0
609775,-0.3752767478083446,0.14558989231517655,ES,48.0,91.9,32.9,58.0,35.0
610184,0.088414367686087,1.705185849105468,ES,66.0,96.2,5.9,67.0,43.0
610269,-0.45819863593745014,0.5061827049688754,ES,56.0,94.0,8.8,41.0,42.0
610130,0.6655909508536815,1.3117784154664236,ES,26.0,93.5,20.8,62.0,46.0
609864,-1.9592838628299245,1.6632758063139705,ES,48.0,94.0,26.0,47.0,48.0
609937,4.480812028241685,-0.813933990473672,ES,60.0,95.3,10.2,51.0,55.0
610225,-2.1428562272736125,-0.8163296135617963,ES,45.0,92.4,11.1,28.0,21.0
609828,3.441772120984327,1.3204086382932698,ES,71.0,95.9,4.3,51.0,63.0
610159,-0.4506110441577152,-1.410411571856541,ES,44.0,95.9,8.0,20.0,48.0
609865,-2.4575760795381236,-1.1305255670030863,ES,61.0,95.6,16.4,49.0,15.0
610313,0.15686785554086263,0.11144597501565999,ES,57.0,95.0,29.0,40.0,64.0
609950,0.48849064918693,0.7853176542939684,ES,48.0,95.8,3.6,47.0,54.0
610242,0.8976634389842413,1.8335506155728525,ES,50.0,96.5,13.7,59.0,54.0
609938,-2.235505718013538,-1.55466953212384,ES,32.0,96.1,16.8,28.0,17.0
610041,1.8356069137557163,0.46299963523478055,ES,57.0,95.5,2.2,56.0,45.0
610015,-0.8983914311118031,-0.042421620659176845,ES,36.0,96.4,5.3,53.0,43.0
609925,0.2806680641421891,1.047967326590831,ES,58.0,95.2,4.4,45.0,50.0
610043,-0.9892638485529524,-0.6143335587440637,ES,43.0,95.4,16.1,22.0,48.0
610189,0.28279753096713506,0.1340564744368233,ES,37.0,94.9,11.0,68.0,48.0
610218,-2.7080883768017125,0.4736395720255954,ES,33.0,95.0,21.6,40.0,48.0
610019,4.185090051368986,3.140970028975478,ES,62.0,94.8,8.2,56.0,59.0
610129,0.22174173715166304,0.15472874047645385,ES,50.0,95.8,5.1,37.0,34.0
610022,0.29582991899579475,-0.6142842598853541,ES,48.0,96.0,15.6,47.0,42.0
610253,-4.670356970706888,0.9721327183462517,ES,67.0,90.5,113.5,26.0,48.0
610000,1.919910728534226,3.321726905644347,ES,67.0,96.0,7.7,69.0,67.0
610280,-4.0500902744120495,0.6778362574915473,ES,31.0,83.4,116.9,20.0,48.0
610016,3.4354761623347327,-0.1773146316729632,ES,76.0,96.3,12.0,63.0,48.0
609716,-1.6832340348458654,-3.9139594922447745,HS,32.0,74.4,12.9,28.0,43.0
609746,2.4084296302715558,-3.4562982399066198,HS,63.0,88.4,5.9,56.0,48.0
609719,-0.24650117787096962,-2.0549799290621107,HS,64.0,87.7,8.5,43.0,48.0
610368,-3.475708855400753,1.1116349003320154,ES,28.0,90.0,27.5,30.0,48.0
610033,8.702280770418197,-1.6083737433062841,ES,99.0,96.8,7.0,52.0,43.0
610520,6.284294283532669,2.2964995570839766,ES,66.0,95.1,5.6,52.0,79.0
609910,0.6647008512170555,-0.7840428342179366,ES,54.0,96.1,5.7,27.0,30.0
610133,-1.3902031094489664,-1.617015096324901,ES,48.0,92.9,3.9,47.0,48.0
610034,-4.2162731473734105,0.376704900142421,ES,48.0,91.0,18.8,47.0,48.0
610024,0.6611635922892406,1.1375518684019175,ES,48.0,96.3,3.2,47.0,58.0
609907,-0.5473828849698872,0.8306178869649444,ES,33.0,94.7,20.8,52.0,48.0
610298,10.076378669122454,-2.0088302181148743,ES,79.0,97.4,0.3,67.0,63.0
610036,-3.510853802316077,0.05373077117808226,ES,21.0,91.8,37.7,64.0,48.0
609738,-0.1623096429540763,-1.824236530572417,HS,65.0,84.6,9.2,49.0,45.0
609807,-2.0201133970785974,0.008741306138757914,ES,42.0,95.0,94.9,28.0,48.0
609834,-0.005871766290142167,0.7064795628832727,ES,45.0,96.7,3.2,66.0,43.0
610325,-0.5046952766198224,-2.430043922076429,MS,56.0,95.1,5.1,28.0,48.0
609809,-0.6680447284520946,-1.270570653113262,ES,57.0,94.7,9.2,46.0,32.0
609773,0.7313493082493786,-1.754563115769465,ES,53.0,95.2,32.6,21.0,48.0
609774,6.248585656129568,-1.089328481390008,ES,48.0,96.6,3.7,47.0,57.0
610156,-2.333732901520276,1.8426077086720696,ES,42.0,92.6,83.4,62.0,48.0
610094,3.7471070863976252,-1.985498497304665,ES,58.0,95.5,5.3,30.0,48.0
610117,-0.6675811759455491,-0.8854190896143379,ES,50.0,95.0,5.0,38.0,48.0
610237,-2.0171927370876306,1.2085159378737638,ES,40.0,93.7,11.4,59.0,48.0
610108,-3.595069291654604,0.22181129999569124,ES,5.0,89.2,26.7,40.0,48.0
609818,-0.03171542976218685,-0.04978005829717526,ES,37.0,95.2,9.8,34.0,48.0
609817,0.5403006509787776,-1.8175186317318512,ES,59.0,95.4,3.9,38.0,41.0
610205,-2.0609304560669175,-1.1270398951392062,ES,56.0,94.3,17.8,25.0,48.0
610369,-2.636630622779392,1.6968675557010529,ES,38.0,92.5,35.7,66.0,48.0
610197,2.511763202054606,1.0909813841982938,ES,63.0,95.8,3.2,71.0,55.0
609722,-1.6828416575230334,-4.063535420822965,HS,41.0,66.8,19.7,31.0,32.0
609872,0.22806143723523786,0.9162485484906612,ES,45.0,95.9,7.3,45.0,48.0
610128,1.8883347814132534,0.5970896913700959,ES,50.0,94.0,20.5,48.0,48.0
610544,0.5382415968842832,2.8877411734558693,ES,54.0,95.5,19.7,81.0,84.0
610017,1.013128252795315,0.8789972655851761,ES,60.0,96.8,19.4,64.0,48.0
609756,-1.093854203066045,-2.7063332411402254,HS,43.0,85.0,9.1,45.0,39.0
610502,-0.6278221578770815,-2.002791596395758,HS,41.0,91.3,4.5,34.0,35.0
610081,6.32452403653857,0.7397471264721774,ES,74.0,96.8,1.3,63.0,63.0
610177,9.37027246676975,-3.179329946785193,ES,87.0,97.1,0.0,53.0,48.0
610206,3.9239655490304433,1.7529664113113477,ES,67.0,96.3,5.3,44.0,71.0
610053,-5.586126282552675,-0.7180608690192293,ES,15.0,93.1,64.6,17.0,48.0
610152,-1.6628952181820698,0.6706273317005046,ES,43.0,93.9,30.9,41.0,48.0
610154,-0.6667014067215169,1.434297983987827,ES,40.0,95.5,95.1,43.0,37.0
610539,-0.2133789521198638,1.0133209562625722,ES,54.0,95.1,4.3,41.0,88.0
610355,3.795820457716581,0.3779656625320053,ES,99.0,94.9,10.8,80.0,48.0
610312,0.9003987769358739,1.0227696373214021,ES,48.0,95.5,3.1,47.0,53.0
610127,2.6253244820447117,-1.1863463189298795,ES,62.0,95.5,10.3,58.0,48.0
610046,2.900575057574388,-0.9197802809180179,ES,55.0,95.9,3.7,38.0,48.0
609888,2.385003375886004,2.7209121201099866,ES,57.0,94.4,12.7,73.0,83.0
610365,-2.5163689965726257,1.5296902971887538,ES,53.0,93.3,25.8,39.0,46.0
610535,-0.757571657421603,-1.3449957374193684,HS,50.0,90.4,44.3,59.0,48.0
610240,-3.3160953771090647,0.07965501666309209,ES,37.0,90.9,13.2,22.0,48.0
609935,-0.06561424037789551,-0.4235659698950051,ES,49.0,95.1,5.9,32.0,40.0
610362,0.9784017824486293,0.8663898668579367,ES,27.0,94.9,18.1,49.0,48.0
609928,-5.6694287275327175,0.5260616269740485,ES,22.0,91.8,40.2,33.0,48.0
610055,-0.17294168512991373,2.2976903778829767,ES,35.0,93.3,39.4,66.0,48.0
609832,0.6580309534524449,-1.0164935278459524,ES,63.0,94.6,51.8,38.0,57.0
610244,-2.6562398250834245,-2.915563091990958,HS,48.0,79.1,24.4,47.0,48.0
610208,-3.9135003907374815,0.9026134313900349,ES,15.0,91.5,39.1,46.0,30.0
609830,-3.4244364478867477,0.17449649501172443,ES,30.0,91.3,16.6,45.0,48.0
610011,4.641151906525423,-0.013949668366382922,ES,64.0,95.7,8.1,66.0,41.0
610018,-0.5725487501792762,-1.351831250779672,MS,57.0,91.4,3.4,37.0,62.0
609725,1.3230385151357051,-4.499161936823296,HS,40.0,84.2,11.1,38.0,48.0
610257,0.6498998494318359,4.7706857593019185,ES,53.0,93.6,73.9,63.0,95.0
610075,-7.131114170127515,1.4382275814594436,ES,28.0,80.4,251.6,14.0,48.0
610082,5.4918480956123,-1.8140477338436547,ES,84.0,96.0,2.9,38.0,48.0
610086,-3.6972058725703523,0.8027953709479259,ES,31.0,93.3,76.6,44.0,19.0
610385,-0.45957415471454693,-1.2680297993930765,HS,48.0,89.2,22.4,42.0,48.0
609806,-2.2410189151200135,1.250718045165873,ES,31.0,92.1,75.9,50.0,54.0
609952,0.44012244032185316,-0.052551259671723784,ES,48.0,95.5,3.8,47.0,48.0
609960,1.4032113251766192,1.3404142918395348,ES,55.0,94.5,9.8,56.0,65.0
610134,-1.9556693007632466,2.841800118082604,ES,48.0,91.6,54.2,83.0,48.0
610348,-0.008860316394977932,2.7665540985512185,ES,49.0,92.9,57.7,99.0,48.0
609876,-0.9903878703240027,0.6933267807097867,ES,43.0,95.1,2.4,46.0,48.0
610231,1.6089321460178136,2.6726234665539055,ES,67.0,94.7,9.2,60.0,46.0
609692,-0.7929002094564013,-2.2953635126287657,HS,52.0,78.6,2.1,42.0,48.0
610085,-6.559563809892287,-0.17634951661997758,ES,50.0,80.2,58.3,23.0,48.0
610284,0.06865480604852076,0.40581157729457906,ES,48.0,96.2,3.1,47.0,48.0
610323,-2.947434068691561,-4.224507481806109,HS,17.0,75.6,61.8,25.0,6.0
609792,0.5284870532116187,-0.9004390990508913,ES,55.0,96.2,0.2,47.0,34.0
609730,-0.9421951335041817,-1.9084942980915443,HS,48.0,81.7,41.3,42.0,48.0
609793,0.7149383269823918,1.3547367806345763,ES,48.0,93.4,6.0,73.0,39.0
609961,-0.8502802681904306,1.807202721617247,ES,36.0,93.9,25.9,55.0,48.0
609810,2.0340147001529005,-0.9002000296269181,ES,67.0,95.6,6.6,35.0,48.0
609691,-0.6903328677183551,-2.519222348396525,HS,42.0,88.6,15.3,25.0,48.0
610354,0.6357073237189778,0.308077774781227,ES,67.0,95.6,20.1,51.0,47.0
609749,1.6291202147713797,0.8843463960205726,HS,99.0,95.7,2.8,88.0,48.0
609744,2.227846126509194,1.5691401397499627,HS,99.0,89.8,5.3,34.0,84.0
610051,-2.2577379723649362,-3.190289548895124,MS,34.0,93.4,2.2,13.0,48.0
610099,6.954864149418699,-1.8427528818209378,ES,99.0,95.5,0.3,68.0,32.0
610529,2.549409147719848,-4.177278740380149,HS,56.0,94.2,13.7,24.0,48.0
610201,5.292438362882122,-1.3797820770097602,ES,70.0,96.4,25.8,40.0,57.0
610300,-2.3461757687656166,0.6639088267434214,ES,30.0,92.6,31.5,54.0,47.0
609997,-7.434942507661433,0.39882098489432094,ES,21.0,87.0,139.8,41.0,48.0
610105,9.900160055149092,-1.2191828136939222,ES,99.0,96.5,2.3,71.0,48.0
610329,3.619778713729436,-1.0599637493115137,ES,55.0,97.6,1.4,44.0,48.0
610389,-0.7102504092502449,-2.883723403848775,HS,48.0,66.3,10.2,47.0,48.0
609811,-2.232644102500029,1.0668856499341577,ES,18.0,92.2,55.7,27.0,48.0
610367,-0.859112123634031,1.687931218836562,ES,35.0,92.7,20.0,53.0,39.0
610059,0.404100487264078,-0.7414852158591435,ES,67.0,95.0,11.4,46.0,48.0
610021,-3.086921205348576,0.2252157219382841,ES,48.0,92.0,47.1,47.0,48.0
610115,-1.5645111041557662,3.329891603975479,ES,28.0,94.9,16.6,48.0,67.0
610116,-4.4168626035326355,0.9832478698045991,ES,48.0,89.8,90.7,47.0,48.0
609988,1.1009772488014629,0.8858504393137773,ES,45.0,95.1,4.3,43.0,45.0
610003,1.7305663538871041,1.069897086791575,ES,51.0,93.6,46.9,54.0,83.0
609676,-1.1600539073546967,-2.1694886563715516,HS,29.0,76.9,21.5,37.0,49.0
610146,-3.3141133799485756,0.6730193935484258,ES,36.0,92.4,33.3,56.0,48.0
609707,-1.4129753110648298,-2.672894640994482,HS,29.0,73.5,26.4,40.0,48.0
609762,-1.6215068600121594,-2.266610006230411,HS,28.0,74.6,33.4,35.0,51.0
609791,-3.452906096540841,1.2349012709865483,ES,28.0,92.1,28.9,57.0,42.0
610395,0.6667941748700869,-1.12199223984068,MS,46.0,96.2,3.7,55.0,58.0
610145,1.1080507222466078,-0.8087141103652346,ES,60.0,95.8,8.2,30.0,54.0
609867,-0.5802559020203049,0.6593875560551464,ES,48.0,96.2,5.7,47.0,48.0
610147,5.336742990800259,1.2830512310736426,ES,81.0,96.4,3.0,62.0,64.0
609777,-2.90309153007538,0.12444616387402893,ES,36.0,93.9,16.0,14.0,48.0
610090,2.3813631255115544,-0.7483574022833758,ES,66.0,95.6,3.5,37.0,48.0
609981,-4.244586209493804,-0.1310697955227904,ES,33.0,92.1,25.5,27.0,48.0
610304,0.11089442914192871,-0.7853316086974511,HS,53.0,92.1,4.3,78.0,48.0
610013,-1.7354410818843993,-0.4810716986279526,ES,43.0,96.0,9.4,55.0,37.0
610135,1.6769333321192894,-0.8450621116509024,ES,62.0,94.2,3.7,32.0,48.0
610138,2.1402917127273784,-1.302167485978399,ES,68.0,96.1,1.7,57.0,23.0
609842,0.5951826467038872,-0.3259128186390932,ES,38.0,97.6,3.9,56.0,36.0
609902,-1.1788958617103145,0.40477651096782735,ES,48.0,94.9,22.3,47.0,48.0
610141,1.5329015644416717,-0.35600338530774756,ES,46.0,94.9,8.1,41.0,48.0
609769,0.7079814905587968,-0.19877029601850918,HS,90.0,86.3,3.7,39.0,52.0
609903,-0.6092286041723576,-0.3389780637509601,ES,48.0,95.3,10.3,41.0,49.0
610291,-0.15433346738642914,-0.26688057319482716,ES,59.0,95.0,21.8,35.0,48.0
610239,-1.8766514587743068,0.7322247685728798,ES,29.0,94.9,44.2,46.0,42.0
610102,-1.9077290897127646,0.37235872152544397,ES,44.0,94.4,25.4,49.0,32.0
609702,-1.2819426873128006,-3.0220084610608913,HS,43.0,57.9,19.9,48.0,48.0
610234,-0.7979744902332606,1.0463950566679965,ES,42.0,93.7,5.6,73.0,48.0
609695,-1.1240244714250385,-3.442841980587298,HS,51.0,81.1,8.7,42.0,41.0
610350,2.41024939289584,0.36133298605073544,ES,68.0,96.0,0.4,58.0,48.0
609906,-0.49987635562787847,2.171713203293472,ES,37.0,89.8,30.1,71.0,48.0
609929,-2.7113432034052813,1.7890655219000757,ES,46.0,95.1,10.1,63.0,39.0
609979,5.077105664320291,-1.1197380869628102,ES,63.0,96.6,11.3,36.0,48.0
610045,-5.27388443522926,-0.5474938242859893,ES,19.0,90.7,14.0,51.0,30.0
609956,1.9131625054700994,1.634407911413586,ES,79.0,95.2,5.0,59.0,71.0
610391,3.073857355900569,-2.4369913410726642,HS,66.0,92.7,2.1,85.0,48.0
610252,-0.7342566374032883,1.4518527948544961,ES,48.0,94.4,6.9,65.0,48.0
609759,-1.7305330464387119,-3.9352194974046593,HS,44.0,69.6,20.6,34.0,25.0
610029,-0.8892277176881214,0.08078896809104899,ES,55.0,94.8,0.9,37.0,48.0
609733,-1.4202279284261183,-3.7189005872935716,HS,30.0,81.6,14.7,34.0,33.0
610091,-1.1254103592025286,1.1389300990357183,ES,31.0,93.8,35.6,33.0,45.0
610282,-2.926474953235888,-0.47640312483503805,ES,31.0,90.7,52.8,59.0,20.0
609826,-2.992033735047838,-1.5492411093493528,ES,36.0,96.3,24.3,20.0,31.0
610056,-4.198134032206214,-0.07176654476902625,ES,37.0,92.4,31.0,58.0,36.0
610027,1.211650213220228,-0.1006593248719895,ES,52.0,94.7,23.4,42.0,48.0
610250,2.5979049475197176,0.0037266935367764207,ES,64.0,95.1,44.6,53.0,48.0
609995,3.7500094738958647,1.1124061796749383,ES,64.0,95.1,3.7,58.0,70.0
609853,-0.09069465071321157,-0.8205818592052724,ES,55.0,95.4,18.5,39.0,27.0
609943,-1.3621671862460762,1.6473941839531976,ES,34.0,93.6,54.2,52.0,59.0
610155,7.547783696747363,-0.9371810209271549,ES,99.0,96.3,1.5,61.0,48.0
609805,-1.2252669488408807,0.295773585288808,ES,35.0,95.0,44.5,53.0,34.0
609968,-1.6906186058212966,-0.1267878507584863,ES,48.0,93.9,14.2,47.0,48.0
610157,-0.09939471199644138,-1.006643428474005,ES,57.0,96.8,7.4,39.0,29.0
610283,-4.7566112295961895,0.031384871312444745,ES,30.0,90.9,29.5,22.0,48.0
610521,-3.1465688581438718,1.4115344906758862,ES,35.0,93.0,57.8,54.0,48.0
610534,7.28319646491855,-1.074382497825712,ES,48.0,96.4,0.0,47.0,48.0
610226,-0.21506960541021963,0.1144315537477153,ES,48.0,95.8,3.7,47.0,48.0
610160,-4.499504345053571,1.6779730658310903,ES,17.0,89.5,84.7,54.0,48.0
609990,6.814237705481306,-1.1075455686714615,ES,84.0,95.3,12.7,36.0,46.0
610530,-0.7822623127303248,1.1484073045265981,ES,48.0,93.6,22.4,47.0,48.0
609745,-0.08235667527194167,-0.3898320091201261,HS,48.0,85.5,13.1,47.0,60.0
610183,-0.3629416504837076,2.3515651530619066,ES,35.0,92.5,24.1,71.0,56.0
610357,0.7957416359370193,0.5699899170792059,HS,70.0,95.6,9.7,87.0,48.0
609880,11.516328200134419,2.305882726038085,ES,99.0,96.2,2.8,99.0,99.0
609933,-3.9523638727425783,-1.3421929294998451,ES,39.0,92.1,34.8,27.0,29.0
609976,2.640754000128267,0.5060940195678988,ES,72.0,95.6,55.6,44.0,66.0
609724,-0.2213215142715279,-1.622414225216688,HS,58.0,87.6,7.6,47.0,56.0
610191,5.44440255939703,-1.187492972492803,ES,78.0,96.4,1.9,43.0,48.0
610405,2.0163516037447815,0.050566072141817825,ES,48.0,96.6,6.5,47.0,48.0
610249,4.651366440791379,5.178429938330484,ES,99.0,96.2,9.2,99.0,81.0
610396,-0.9532624034330072,0.6158475076313105,ES,48.0,95.9,10.5,40.0,48.0
610506,0.12638390401766353,-0.24095043713510114,HS,45.0,87.3,8.2,53.0,68.0
609921,-1.4975227141200635,1.7678418295623708,ES,42.0,95.4,2.7,22.0,69.0
609991,-1.8230556519740178,1.795802589192933,ES,41.0,90.8,23.9,65.0,48.0
609728,-0.6860009921847844,-2.215668826417259,HS,42.0,82.3,9.7,37.0,48.0
610178,-1.7359809671771345,0.6175731540875855,ES,46.0,92.1,67.1,53.0,48.0
609794,10.260226093794817,-1.8625881526364365,ES,91.0,96.6,1.9,56.0,48.0
609987,-1.902213416622681,2.215447066543981,ES,33.0,91.2,61.8,78.0,48.0
609851,-3.3622755685747063,3.04197845584923,ES,34.0,94.4,3.4,45.0,78.0
609896,2.8343029811294795,0.4108227766098225,ES,72.0,95.2,0.3,46.0,48.0
610002,2.1236057872150322,2.3494224882374364,ES,67.0,94.8,0.0,73.0,66.0
610295,0.028929077694243948,1.4921451592271182,ES,48.0,95.2,0.5,47.0,48.0
610220,2.838757941482805,-0.5711133334788693,ES,85.0,96.1,0.4,54.0,48.0
609715,-0.5651123619926356,-1.4919844880599442,HS,36.0,89.3,5.8,35.0,57.0
610321,-1.8218219485495684,-3.6324528208506726,MS,39.0,94.0,18.1,1.0,48.0
609895,2.634428516002,1.085146594910873,ES,56.0,95.8,24.0,51.0,66.0
610394,-0.2325563630542253,-0.9760339442443123,HS,50.0,88.7,8.1,62.0,53.0
610504,-0.019601725458306313,1.0864871977744899,ES,48.0,94.4,0.0,47.0,48.0
609989,1.922946896995711,1.6968959972149567,ES,50.0,92.8,10.3,72.0,50.0
609944,2.450986261481032,1.2125011360112,ES,62.0,95.5,2.5,64.0,87.0
610518,-0.7111939457320818,-1.499610004012005,HS,42.0,84.5,25.0,52.0,48.0
610363,4.307101762467841,-1.104624636836488,ES,48.0,96.4,7.7,47.0,48.0
610095,5.326395604781049,-0.3082014557229824,ES,71.0,95.1,2.1,66.0,44.0
609680,1.107333962462744,-0.784413475222967,HS,98.0,93.4,0.7,77.0,48.0
609955,-3.191070978311258,0.2981212386529064,ES,25.0,95.5,35.4,11.0,57.0
610264,0.13337004154481208,3.139737381212624,ES,29.0,92.4,75.5,68.0,48.0
609855,-0.07554412885131444,1.7388086875265123,ES,48.0,86.1,4.0,47.0,64.0
610179,3.38711076365103,-0.8286345116169633,ES,55.0,95.5,4.9,45.0,48.0
610121,0.8169679258438486,-0.329841586122133,ES,43.0,95.6,15.1,44.0,48.0
609740,-0.6677927926113605,-2.307031351312443,HS,51.0,74.1,16.9,38.0,49.0
610032,1.2495083853328037,1.6001959230757108,ES,32.0,93.9,20.1,53.0,48.0
609727,-0.24876054205619916,-1.0203770060328468,HS,48.0,63.0,22.0,47.0,79.0
609978,-5.179039616065703,-2.47178183794471,ES,22.0,92.1,90.0,1.0,29.0
610100,-2.6153076311656074,0.04948712080887029,ES,29.0,93.7,16.3,40.0,48.0
610224,-4.022982098815159,0.425577698291706,ES,23.0,91.2,7.6,47.0,50.0
610542,-0.32913238470221023,-1.2316982703049777,ES,67.0,94.9,6.8,28.0,48.0
609755,6.308619813817533,-3.651467531906805,HS,95.0,94.6,1.2,67.0,46.0
610230,7.539365062423347,-0.6852608982188251,ES,99.0,96.2,1.0,67.0,45.0
610251,1.3324882251267751,4.627339313207849,ES,69.0,94.9,29.5,81.0,83.0
610299,-3.147769961893718,-0.030627759968951923,ES,18.0,91.7,28.9,29.0,48.0
610109,4.59972454280533,0.34550001593966395,ES,49.0,96.9,1.2,56.0,47.0
610101,2.0469853487538505,-0.17677274379939473,ES,48.0,95.1,4.5,47.0,48.0
609945,3.650299587043074,0.7752934709628416,ES,70.0,96.1,6.0,61.0,52.0
610143,-4.287812895394633,-2.0506999310399925,ES,48.0,93.5,37.2,26.0,15.0
610364,-2.91366657150906,1.3454685905363855,ES,47.0,93.3,48.5,42.0,48.0
609884,4.367223287644195,-0.1930964667488081,ES,67.0,95.5,2.1,78.0,36.0
609967,0.0005096081998369317,0.9132015315020041,ES,56.0,95.2,6.7,52.0,56.0
609994,-0.9429312718610813,-0.07944807089314183,ES,48.0,96.5,3.0,47.0,48.0
609812,-1.9663838536631728,3.484740993815612,ES,36.0,92.8,59.0,78.0,73.0
610023,-1.0022602367003912,1.292192822092903,ES,47.0,92.4,17.7,47.0,48.0
609734,4.647902037970732,-6.135907575027268,HS,61.0,89.1,9.8,32.0,48.0
610136,-0.16134838508743315,0.7412651144591229,ES,90.0,93.5,73.9,24.0,48.0
610142,1.4585643479607902,-1.7680376033348602,ES,69.0,95.1,6.7,12.0,48.0
610153,-2.8837711636069314,0.053451447445629935,ES,34.0,93.0,22.5,50.0,48.0
610167,-0.8761510886604728,0.3335182330402559,ES,40.0,95.7,14.4,41.0,63.0
609698,-1.9267328650245146,-3.699484763045259,HS,20.0,75.2,5.8,29.0,48.0
610061,-0.7392449960766215,1.891059814349326,ES,52.0,95.3,26.0,65.0,47.0
610104,2.886399498173731,-3.100393834884129,ES,64.0,95.7,6.9,27.0,39.0
609678,0.6793825953665379,-1.1276708228396073,HS,92.0,93.8,4.5,67.0,48.0
610193,-4.490171326751278,0.8916107916563183,ES,27.0,90.3,27.3,40.0,33.0
610123,-0.9952891251509332,2.8856872610793247,ES,78.0,91.8,5.7,99.0,48.0
609949,2.6910007810878294,-0.10574123526813815,ES,57.0,95.6,5.9,35.0,48.0
610097,-0.5849081571162389,0.9153676974390984,ES,52.0,95.6,3.5,62.0,48.0
609711,-2.4236457638154527,-3.1157626861752292,HS,22.0,73.0,63.6,42.0,31.0
610232,-0.2725512526534661,1.2908927861855206,ES,48.0,91.6,17.0,47.0,48.0
610336,-1.1032497323954584,0.327271350985564,MS,49.0,93.3,14.8,48.0,48.0
610172,-5.460929927001263,2.0712172660405317,ES,32.0,92.3,230.6,55.0,48.0
609844,-2.501701255421325,0.0566538014810564,ES,13.0,91.2,27.0,35.0,62.0
610308,-0.19621916833527636,0.7724555799478208,ES,48.0,80.0,0.0,47.0,48.0
610088,-0.5537905678084513,0.9058474865532186,ES,41.0,95.2,3.6,32.0,48.0
609977,2.311814102306415,2.198416815635115,ES,70.0,93.9,12.4,66.0,48.0
610392,-0.5273100165151995,-1.834190615420836,HS,51.0,91.6,4.0,47.0,49.0
