id,school,level,feat_1,feat_2,feat_3,feat_4,feat_5,feat_6,feat_7,feat_8,feat_9,feat_10,safety,attendance,misconduct,instr,teachers,leaders,isat_exc_math,isat_exc_read,isat_va_math,isat_va_read
0,Abraham Lincoln Elementary School,ES,2.353449244174943,0.7570282989784278,-0.8028301777208315,0.8801128023310001,1.1226933553214793,0.8094365627091513,2.860788518578271,3.129803505999679,-0.026551614982685316,0.6965233237780487,99.0,96.0,2.0,66.0,70.0,65.0,69.7,64.4,0.2,0.9
1,Adam Clayton Powell Paideia Community Academy Elementary School,ES,0.1158780814695729,0.542994483655699,-0.14622107501407022,1.9684243320951402,1.4512865324887416,0.7018236092853913,-0.26057077635073456,0.012365620007068891,0.4581207220028409,1.1796366062537758,54.0,95.6,15.7,84.0,76.0,63.0,16.8,16.5,0.7,1.4
2,Agustin Lara Elementary Academy,ES,0.2153256887009227,0.4894860298250206,-0.400237735185299,-0.8732779956223368,-0.08214829429181555,0.8094365627091513,-0.5968987155018751,-0.4367016328812194,0.6519896567970515,2.1458631712052307,56.0,95.5,10.4,37.0,48.0,65.0,11.1,9.6,0.9,2.4
3,Albany Park Multicultural Academy,MS,0.7125637248576716,1.2921128372852424,-0.7884518762017053,1.1824215605988169,0.02738276476393852,-0.3743059249522089,0.7838159820659647,-0.04620836950009917,-0.026551614982685316,0.1167873848071758,66.0,97.0,2.3,71.0,50.0,43.0,34.5,15.6,0.2,0.3
4,Alessandro Volta Elementary School,ES,-0.43108375830285084,0.9710621143011567,0.17968709275278943,-0.8732779956223368,0.35597594193120075,0.6480171325735113,-0.07765558137379866,-0.13732346428902725,0.07038285241441991,-0.5595712106588425,43.0,96.4,22.5,37.0,56.0,62.0,19.9,14.2,0.3,-0.4
5,Alexander Graham Bell Elementary School,ES,2.353449244174943,0.9175536604704707,-0.5967411892800232,-0.32912223074026675,0.08214829429181555,0.05614588874283118,2.52446057942713,2.706769137336799,-0.22042054977689582,0.1167873848071758,99.0,96.3,6.3,46.0,51.0,51.0,64.0,57.9,0.0,0.3
6,Alexander Graham Elementary School,ES,-0.13274093660880154,-1.1157675850954232,0.41453268423184997,-1.1151250022365902,-0.46550700098695486,-1.073790122206649,-0.024551169928881615,-0.3390783170359393,1.4274653959738932,-0.656193867153988,49.0,92.5,27.4,33.0,41.0,30.0,20.8,11.1,1.7,-0.5
7,Alexander Hamilton Elementary School,ES,1.0606303501673957,0.38246912216365614,-0.2995896245514159,0.4568805407560567,-0.08214829429181555,0.48659770243787126,-0.4375854811671243,0.32476023071196514,0.3611862546057356,0.40665535429261224,73.0,95.3,12.5,59.0,48.0,59.0,13.8,21.3,0.6,0.6
8,Alfred David Kohn Elementary School,ES,-1.6244550450790483,-2.3999704770317813,0.596657836807448,-2.324360035307857,-1.6703486506002498,-1.5580484126135692,-0.9568286152952008,-0.6970304751352996,0.2642517872086304,-0.26970324117340605,19.0,90.1,31.2,13.0,19.0,21.0,5.0,5.6,0.5,-0.1
9,Alfred Nobel Elementary School,ES,-0.7294265799969002,0.007909945348884418,0.28992073773275673,-0.9942014989294635,-0.73933464862634,-0.10527354139280885,-0.6795055777495237,-0.5994071592900195,-0.5112239519682115,0.5032780107877577,37.0,94.6,24.8,35.0,36.0,48.0,9.7,7.1,-0.3,0.7
10,Amelia Earhart Options for Knowledge Elementary School,ES,1.4584207790927948,0.9175536604704707,0.7020987146143732,1.3033450639059434,0.2464448828754467,-0.858564215359129,0.37078167082772207,0.6566795045859172,-0.12348608237979057,0.7931459802731942,81.0,96.3,33.4,73.0,54.0,34.0,27.5,26.4,0.1,1.0
11,Ames Middle School,MS,-0.6797027763812253,-0.15261541614315843,-0.6446688610104437,-0.9942014989294635,-1.2869899439051105,-1.289016029054169,-0.3962820500433001,-0.8662442226004516,-2.0621754303218953,-1.6224204321054427,38.0,94.3,5.3,35.0,26.0,26.0,14.5,3.0,-1.9,-1.5
12,Amos Alonzo Stagg Elementary School,ES,-1.4255598306163486,-1.7043605772329162,0.7452336191717516,-0.5709692373545201,-0.4107414714590778,-1.342822505766049,-0.7975153809604502,-0.5538496118955554,-0.6081584193653168,-0.26970324117340605,23.0,91.4,34.3,42.0,42.0,25.0,7.7,7.8,-0.4,-0.1
13,Andrew Carnegie Elementary School,ES,-0.18246474022447642,0.007909945348884418,-0.6015339564530653,0.6987275473703101,-1.0131622962657252,-0.4281124016640889,0.010851771034396203,0.26618624120479695,-1.3836341585421588,-0.07645792818311511,48.0,94.6,6.2,63.0,31.0,42.0,21.4,20.4,-1.2,0.1
14,Anna R. Langford Community Academy,ES,-1.0277694016909495,-1.4903267619101948,0.4912169590005229,-1.1755867538901534,0.02738276476393852,-0.05146706468092884,-0.5083913630936803,-0.5733742750646115,0.2642517872086304,0.02016472831203036,31.0,91.8,29.0,32.0,50.0,49.0,12.6,7.5,0.5,0.2
15,Annie Keller Elementary Gifted Magnet School,ES,2.353449244174943,1.5596551064386497,-0.663839929702612,1.8475008287880137,1.7798797096560037,2.3698243873536717,4.223801745664471,4.9455971807218875,1.3305309285767883,2.049240514710085,99.0,97.5,4.9,82.0,82.0,94.0,92.8,92.3,1.6,2.3
16,Arthur E Canty Elementary School,ES,1.7567636007868441,0.8105367528091063,-0.7884518762017053,0.7591892990238734,-0.1369138238196926,-0.05146706468092884,1.5449792127764403,1.1643207469813739,0.07038285241441991,-0.07645792818311511,87.0,96.1,2.3,64.0,47.0,49.0,47.4,34.2,0.3,0.1
17,Ashburn Community Elementary School,ES,-0.18246474022447642,0.4894860298250206,0.46725312313531264,-0.6918927406616467,1.1226933553214793,0.9708559928447914,-0.36087910908002213,-0.4432098539375714,0.16731731981152517,-0.7528165236491334,48.0,95.5,28.5,40.0,70.0,68.0,15.1,9.5,0.4,-0.6
18,Avalon Park Elementary School,ES,-0.9780455980752746,-1.329801400418152,1.5983461759732376,-1.1755867538901534,-1.8346452391838808,-0.9661771687828891,-0.7857144006393574,-0.7295715804170596,0.845858591591262,0.9863912932634852,32.0,92.1,52.1,32.0,16.0,32.0,7.9,5.1,1.1,1.2
19,Belmont-Cragin Elementary School,ES,1.1600779573987456,0.38246912216365614,-0.8363795479321259,0.8801128023310001,0.19167935334756964,-0.2666929715284489,-0.6027992056624214,-0.34558653809229134,-0.026551614982685316,0.7931459802731942,75.0,95.3,1.3,66.0,53.0,45.0,11.0,11.0,0.2,1.0
20,Benjamin E Mays Elementary Academy,ES,-1.226664616153649,0.4894860298250206,-0.8843072196625463,-0.20819872743314005,-0.684569119098463,-0.4819188783759689,-0.22516783538745674,-0.4367016328812194,-0.12348608237979057,-0.26970324117340605,27.0,95.5,0.3,48.0,37.0,41.0,17.4,9.6,0.1,-0.1
21,Bernhard Moos Elementary School,ES,-0.08301713299312664,-0.8482253159420159,1.2820235425524618,-1.1755867538901534,-1.0131622962657252,-0.858564215359129,0.16426451520860072,-0.5733742750646115,1.1366619937825777,0.02016472831203036,50.0,93.0,45.5,32.0,31.0,34.0,24.0,7.5,1.4,0.2
22,Beulah Shoesmith Elementary School,ES,-0.3316361510715011,0.06141839917957043,-0.8843072196625463,-0.7523544923152101,-0.46550700098695486,-0.697144785223489,-0.614600185983514,0.2141204727539811,-0.22042054977689582,1.3728819192440669,45.0,94.7,0.3,39.0,41.0,37.0,10.8,19.6,0.0,1.6
23,Burnham Elementary Inclusive Academy,ES,0.4639447067792971,0.4894860298250206,0.5103880276926911,2.8753506068985906,1.1774588848493563,0.8094365627091513,0.9018257852768912,0.37031777810642913,1.0397275263854724,0.40665535429261224,61.0,95.5,29.4,99.0,71.0,65.0,36.5,22.0,1.3,0.6
24,Calmeca Academy of Fine Arts and Dual Language,ES,0.31477329593227243,1.0245705681318351,-0.8076229448938737,1.2428833122523801,0.30121041240332375,0.7556300859972713,-0.431684991006578,-0.39114408548675533,-0.8989618215566325,1.2762592627489213,58.0,96.5,1.9,72.0,55.0,64.0,13.9,10.3,-0.7,1.5
25,Carl von Linne Elementary School,ES,0.8120113320890213,0.6500113913170634,-0.8124157120669155,1.4242685672130702,-0.30121041240332375,-0.697144785223489,0.21146843649297134,-0.07874947478185919,0.9427930589883671,0.6965233237780487,68.0,95.8,1.8,75.0,44.0,37.0,24.8,15.1,1.2,0.9
26,Carrie Jacobs Bond Elementary School,ES,0.1158780814695729,-1.5438352157408732,0.0023547073502335025,0.6987275473703101,-0.9583967667378482,-0.5895318317997289,-0.7857144006393574,-0.6970304751352996,-0.4142894845711063,0.6965233237780487,54.0,91.7,18.8,63.0,32.0,39.0,7.9,5.6,-0.2,0.9
27,Carter G Woodson South Elementary School,ES,-1.276388419769324,-1.436818308079509,2.480215335812975,-3.049901055150617,-0.46550700098695486,-1.073790122206649,-0.9981320464190251,-0.9052935489385636,-0.8989618215566325,-2.492024340561752,26.0,91.9,70.5,1.0,41.0,30.0,4.3,2.4,-0.7,-2.4
28,Cesar E Chavez Multicultural Academic Center Elementary School,ES,0.1158780814695729,0.2754522145022917,-0.36668836497400464,0.033648279181113315,0.02738276476393852,0.3789847490141112,-0.08355607153434486,-0.5148002855574434,1.7182687981652092,-0.1730805846782606,54.0,95.1,11.1,52.0,50.0,57.0,19.8,8.4,2.0,0.0
29,Charles Gates Dawes Elementary School,ES,-0.381359954687176,0.596502937486385,0.8075395924212985,-1.2965102571972802,0.2464448828754467,0.5404041791497513,0.11116010376368388,-0.17637279062713926,0.2642517872086304,0.1167873848071758,44.0,95.7,35.6,30.0,54.0,60.0,23.1,13.6,0.5,0.3
30,Charles N Holden Elementary School,ES,0.06615427785389802,0.16843530684093488,-0.6734254640486961,-0.9942014989294635,0.08214829429181555,0.1637588421665912,-0.266471266511281,-0.3130454328105313,-0.9958962889537379,-0.1730805846782606,53.0,94.9,4.7,35.0,51.0,53.0,16.7,11.5,-0.8,0.0
31,Charles P Caldwell Academy of Math & Science Elementary School,ES,-1.326112223384999,-1.0087506774340587,0.5726940009422378,-0.4500457340473934,-1.3417554734329875,-1.181403075630409,-0.6086996958229677,-0.6189318224590754,0.6519896567970515,-0.26970324117340605,25.0,92.7,30.7,44.0,25.0,28.0,10.9,6.8,0.9,-0.1
32,Charles R Darwin Elementary School,ES,0.31477329593227243,0.542994483655699,0.7212697833065413,-1.054663250583027,-0.19167935334756964,-1.019983645494769,-0.30777469763510523,-0.6124236014027234,-0.4142894845711063,-0.9460618366394244,58.0,95.6,33.8,34.0,46.0,31.0,16.0,6.9,-0.2,-0.8
33,Charles S Brownell Elementary School,ES,-1.5747312414633732,-0.9552422236033803,-0.22290534978274307,1.8475008287880137,-1.6703486506002498,-1.6118548893254492,-0.4906898926120412,-0.4887674013320354,1.233596461179683,-0.5595712106588425,20.0,92.8,14.1,82.0,19.0,20.0,12.9,8.8,1.5,-0.4
34,Charles S Deneen Elementary School,ES,0.16560188508524779,-0.4201576852965657,0.9944575121699385,-0.026813472472450025,-0.02738276476393852,-1.8808872728848491,-0.6972070482311625,-0.6189318224590754,2.493744537342051,-0.656193867153988,55.0,93.8,39.5,51.0,49.0,15.0,9.4,6.8,2.8,-0.5
35,Charles Sumner  Math & Science Community Acad Elementary School,ES,-0.5305313655342007,-0.3666492314658797,-0.30917515889749997,-0.20819872743314005,-0.8488657076820941,-1.073790122206649,-0.4788889122909486,-0.4301934118248674,-1.1897652237479481,-0.07645792818311511,41.0,93.9,12.3,48.0,34.0,30.0,13.1,9.7,-1.0,0.1
36,Christian Ebinger Elementary School,ES,1.3092493682457702,0.7035198451477495,-0.45295817408876154,-0.08727522412601336,0.684569119098463,-1.289016029054169,1.733794897913923,1.5548140103624941,0.2642517872086304,1.1796366062537758,78.0,95.9,9.3,50.0,62.0,26.0,50.6,40.2,0.5,1.4
37,Clara Barton Elementary School,ES,-1.326112223384999,-1.5438352157408732,0.31388457359796695,-1.054663250583027,0.5202725305148319,1.4551142832517114,-0.7739134203182648,-0.6905222540789476,-0.705092886762422,-0.462948554163697,25.0,91.7,25.3,34.0,59.0,77.0,8.1,5.7,-0.5,-0.3
38,Claremont Academy Elementary School,ES,-0.779150383612575,-1.1157675850954232,2.1782710039113256,-0.026813472472450025,0.5202725305148319,0.6480171325735113,-0.5378938138964119,-0.5343249487264995,0.07038285241441991,0.5032780107877577,36.0,92.5,64.2,51.0,59.0,62.0,12.1,8.1,0.3,0.7
39,Columbia Explorers Elementary Academy,ES,0.36449709954794735,0.43597757599434217,-0.47212924278092977,0.6987275473703101,1.2322244143772334,0.8094365627091513,-0.24286930586909555,-0.16335634851443517,0.5550551893999461,1.2762592627489213,59.0,95.4,8.9,63.0,72.0,65.0,17.1,13.8,0.8,1.5
40,Crispus Attucks Elementary School,ES,-0.3316361510715011,0.3289606683329777,-0.2995896245514159,0.33595703744893,1.944176298239635,1.6703401900992314,-0.8034158711209964,-0.4106687486558114,-0.5112239519682115,-2.10553371458117,45.0,95.2,12.5,57.0,85.0,81.0,7.6,10.0,-0.3,-2.0
41,Crown Community Academy of Fine Arts Center Elementary School,ES,-1.226664616153649,-1.1157675850954232,3.918045487725591,0.033648279181113315,-1.0131622962657252,-0.2666929715284489,-1.0217340070612104,-0.4887674013320354,-0.5112239519682115,0.7931459802731942,27.0,92.5,100.5,52.0,31.0,45.0,3.9,8.8,-0.3,1.0
42,Daniel Boone Elementary School,ES,0.016430474238223133,0.4894860298250206,-0.395444968012257,-0.20819872743314005,0.19167935334756964,-0.2666929715284489,0.04625471199767423,0.08395605162694103,0.845858591591262,1.6627498887295031,52.0,95.5,10.5,48.0,53.0,45.0,22.0,17.6,1.1,1.9
43,Daniel S Wentworth Elementary School,ES,-1.0774932053066244,-1.5973436695715593,2.6383766525233625,-0.9337397472759001,-0.9583967667378482,-1.019983645494769,-0.9273261644924692,-0.9638675384457317,0.7489241241941567,-0.7528165236491334,30.0,91.6,73.8,36.0,32.0,31.0,5.5,1.5,1.0,-0.6
44,Daniel Webster Elementary School,ES,-0.18246474022447642,0.11492685301024885,-0.6254977923182755,0.8801128023310001,-0.30121041240332375,-0.21288649481656888,0.27637382825898077,0.3052355675429091,1.7182687981652092,0.5032780107877577,48.0,94.8,5.7,66.0,44.0,46.0,25.9,21.0,2.0,0.7
45,DeWitt Clinton Elementary School,ES,-0.2321885438401513,0.38246912216365614,-0.18935597957144862,0.033648279181113315,-0.73933464862634,-0.4819188783759689,0.7248110804605015,0.35730133599372516,0.3611862546057356,-0.656193867153988,47.0,95.3,14.8,52.0,36.0,41.0,33.5,21.8,0.6,-0.5
46,Donald Morrill Math & Science Elementary School,ES,-1.1769408125379741,-0.634191500619287,0.04069684473456996,-0.7523544923152101,-0.9583967667378482,-0.804757738647249,-0.6618041072678846,-0.6905222540789476,-0.9958962889537379,-1.332552462620006,28.0,93.4,19.6,39.0,32.0,35.0,10.0,5.7,-0.8,-1.2
47,Dunne Technology Academy,ES,-0.2819123474558262,0.007909945348884418,0.19406539427191563,1.1824215605988169,0.5202725305148319,0.05614588874283118,0.20556794633242492,0.057923167401532874,2.493744537342051,1.566127232234358,46.0,94.6,22.8,71.0,59.0,51.0,24.7,17.2,2.8,1.8
48,Durkin Park Elementary School,ES,0.4639447067792971,0.43597757599434217,-0.8651361509703782,0.3964187891024934,1.3417554734329875,2.046985527082392,0.04625471199767423,-0.0006508221056350709,0.5550551893999461,1.2762592627489213,61.0,95.4,0.7,58.0,74.0,88.0,22.0,16.3,0.8,1.5
49,Dvorak Technology Academy,ES,-0.2819123474558262,-0.20612386997383686,-0.6878037655678222,1.0614980572916901,-1.998941827767512,-2.4727585167155293,-0.6027992056624214,-0.3846358644304033,-1.6744375607334743,0.21341004130232133,46.0,94.2,4.4,69.0,13.0,4.0,11.0,10.4,-1.5,0.4
50,Edgar Allan Poe Elementary Classical School,ES,2.353449244174943,1.6131635602693282,-0.8986855211816726,2.2102713387093935,-0.46550700098695486,-1.235209552342289,3.397733123187986,4.1190531065651825,1.4274653959738932,-0.36632589766855156,99.0,97.6,0.0,88.0,41.0,27.0,78.8,79.6,1.7,-0.2
51,Edgebrook Elementary School,ES,2.353449244174943,1.238604383454564,-0.7357314372982428,0.09411003083467666,1.1226933553214793,0.8632430394210313,2.30024195332637,2.635178705716926,-0.22042054977689582,0.3100326977974668,99.0,96.9,3.4,53.0,70.0,66.0,60.2,56.8,0.0,0.5
52,Edward A Bouchet Math & Science Academy Elementary School,ES,-0.9283217944595997,-0.9017337697726943,0.44328928727010236,-0.08727522412601336,0.46550700098695486,0.1637588421665912,-0.9214256743319229,-0.5668660540082595,-0.4142894845711063,-0.1730805846782606,33.0,92.9,28.0,50.0,58.0,53.0,5.6,7.6,-0.2,0.0
53,Edward C Delano Elementary School,ES,-0.6797027763812253,-0.634191500619287,0.07424621494586431,0.033648279181113315,1.6155831210723728,0.7018236092853913,-0.850619792405367,-0.3520947591486433,0.7489241241941567,1.4695045757392124,38.0,93.4,20.3,52.0,79.0,63.0,6.8,10.9,1.0,1.7
54,Edward Coles Elementary Language Academy,ES,-1.4752836342320235,0.2754522145022917,0.2947135049057987,0.15457178248824,0.19167935334756964,0.1099523654547112,-0.266471266511281,-0.6905222540789476,0.7489241241941567,-0.26970324117340605,22.0,95.1,24.9,54.0,53.0,52.0,16.7,5.7,1.0,-0.1
55,Edward Jenner Elementary Academy of the Arts,ES,-0.08301713299312664,-3.0420719229999524,-0.13184277349494403,-0.6314309890080835,-1.2869899439051105,-1.6118548893254492,-0.7680129301577185,-0.9768839805584357,1.7182687981652092,0.02016472831203036,50.0,88.9,16.0,41.0,26.0,20.0,8.2,1.3,2.0,0.2
56,Edward N Hurley Elementary School,ES,1.2595255646300954,0.43597757599434217,-0.3139679260705421,-0.1477369757795767,0.2464448828754467,-0.3743059249522089,-0.28417273699292,-0.30002899069782735,-0.22042054977689582,0.5999006672829033,77.0,95.4,12.2,49.0,54.0,43.0,16.4,11.7,0.0,0.8
57,Elaine O Goodlow Elementary Magnet School,ES,-0.381359954687176,-1.5973436695715593,1.3778788860133029,0.2754952857953667,-1.1774588848493563,-0.804757738647249,-0.6736050875889773,-0.5017838434447395,-0.4142894845711063,-0.462948554163697,44.0,91.6,47.5,56.0,28.0,35.0,9.8,8.6,-0.2,-0.3
58,Elizabeth Peabody Elementary School,ES,-0.033293329377451754,0.3289606683329777,-0.5344352160304765,0.5778040440631834,0.30121041240332375,0.3789847490141112,-0.7149085187128016,-0.6775058119662435,-1.2866996911450534,-0.9460618366394244,51.0,95.2,7.6,61.0,55.0,57.0,9.1,5.9,-1.1,-0.8
59,Eliza Chappell Elementary School,ES,0.9114589393203711,0.2754522145022917,-0.759695273163453,-0.026813472472450025,-0.08214829429181555,0.32517827230223123,-0.09535705185543746,0.08395605162694103,0.16731731981152517,0.7931459802731942,70.0,95.1,2.9,51.0,48.0,56.0,19.6,17.6,0.4,1.0
60,Ellen Mitchell Elementary School,ES,2.353449244174943,0.4894860298250206,-0.3139679260705421,2.633503600284337,2.21800394587902,1.6703401900992314,0.5241944150019265,0.7152534940930854,-0.705092886762422,-0.462948554163697,99.0,95.5,12.2,95.0,90.0,81.0,30.1,27.3,-0.5,-0.3
61,Emiliano Zapata Elementary Academy,ES,0.41422090316362226,1.0780790219625136,-0.764488040336495,-0.5709692373545201,1.6155831210723728,1.2398883764041915,0.02265275135548902,-0.16986456957078727,-0.5112239519682115,0.9863912932634852,60.0,96.6,2.8,42.0,79.0,73.0,21.6,13.7,-0.3,1.2
62,Emmett Louis Till Math and Science Academy,ES,-1.0277694016909495,-3.5236480074760888,3.6879926634195725,-0.6918927406616467,-0.4107414714590778,-0.05146706468092884,-1.0630374381850347,-0.8337031173186916,-0.6081584193653168,-1.7190430886005883,31.0,88.0,95.7,40.0,42.0,49.0,3.2,3.5,-0.4,-1.6
63,Enrico Fermi Elementary School,ES,-1.0774932053066244,-2.506987384693138,3.9515948579368856,0.6987275473703101,-0.1369138238196926,-0.4281124016640889,-1.216450182359239,-0.8922771068258597,-1.1897652237479481,-1.1393071496297154,30.0,89.9,101.2,63.0,47.0,42.0,0.6,2.6,-1.0,-1.0
64,Eugene Field Elementary School,ES,-0.48080756191852575,1.1850959296238779,-0.4194088038774672,-0.8732779956223368,-2.272769475406897,-1.5580484126135692,-0.6736050875889773,-0.5473413908392034,-0.4142894845711063,-0.07645792818311511,42.0,96.8,10.0,37.0,8.0,21.0,9.8,7.9,-0.2,0.1
65,Evergreen Academy Middle School,MS,0.41422090316362226,0.8105367528091063,-0.6350833266643596,-0.4500457340473934,0.8488657076820941,0.48659770243787126,-0.5732967548596898,-0.45622629605027537,-0.5112239519682115,-0.656193867153988,60.0,96.1,5.5,44.0,65.0,59.0,11.5,9.3,-0.3,-0.5
66,Fairfield Elementary Academy,ES,-1.0277694016909495,-0.634191500619287,1.1813754319185785,-1.054663250583027,-1.3417554734329875,-0.2666929715284489,-1.0099330267401176,-0.7816373488678755,-0.12348608237979057,-0.8494391801442789,31.0,93.4,43.4,34.0,25.0,45.0,4.1,4.3,0.1,-0.7
67,Federico Garcia Lorca Elementary School,ES,0.06615427785389802,1.1850959296238779,1.2005465006107467,0.3964187891024934,1.7798797096560037,1.2936948531160715,-0.7267094990338941,-0.5733742750646115,-1.1897652237479481,-0.26970324117340605,53.0,96.8,43.8,58.0,82.0,74.0,8.9,7.5,-1.0,-0.1
68,Ferdinand Peck Elementary School,ES,-0.033293329377451754,0.9175536604704707,-0.841172315105168,-0.2686604790867034,-0.684569119098463,-0.9661771687828891,0.11706059392423007,-0.16335634851443517,0.4581207220028409,0.8897686367683397,51.0,96.3,1.2,47.0,37.0,32.0,23.2,13.8,0.7,1.1
69,Fernwood Elementary School,ES,-1.1272170089222993,-0.634191500619287,0.4912169590005229,-0.5105074857009567,0.02738276476393852,-0.5895318317997289,-0.5201923434147728,-0.5538496118955554,-0.8989618215566325,-1.8156657450957334,29.0,93.4,29.0,43.0,50.0,39.0,12.4,7.8,-0.7,-1.7
70,Florence Nightingale Elementary School,ES,-0.82887418722825,0.542994483655699,-0.44816540691571954,-0.20819872743314005,1.2322244143772334,0.9708559928447914,-0.5850977351807823,-0.5278167276701475,-0.9958962889537379,-1.332552462620006,35.0,95.6,9.4,48.0,72.0,68.0,11.3,8.2,-0.8,-1.2
71,Foster Park Elementary School,ES,-2.022245474004447,-0.47366613912724415,0.7116842489604575,-1.780204270425787,-0.19167935334756964,0.0023394120309511717,-0.7798139104788111,-0.6905222540789476,-1.2866996911450534,-2.202156371076316,11.0,93.7,33.6,22.0,46.0,50.0,8.0,5.7,-1.1,-2.1
72,Francisco I Madero Middle School,MS,-0.13274093660880154,0.2754522145022917,-0.5583990518956868,-0.2686604790867034,-0.8488657076820941,-0.05146706468092884,-0.36087910908002213,-0.7425880225297635,-1.2866996911450534,-0.8494391801442789,49.0,95.1,7.1,47.0,34.0,49.0,15.1,4.9,-1.1,-0.7
73,Francis M McKay Elementary School,ES,-1.4255598306163486,-0.5806830467886086,-0.4625437084348457,0.15457178248824,0.629803589570586,0.9170495161329114,-0.9155251841713766,-0.6905222540789476,-0.8020273541595273,0.02016472831203036,23.0,93.5,9.1,54.0,61.0,67.0,5.7,5.7,-0.6,0.2
74,Francis Parkman Elementary School,ES,-0.6797027763812253,-2.132428207878374,0.09341728363803245,-0.7523544923152101,-1.1774588848493563,-1.6118548893254492,-0.980430575937386,-0.8597360015440997,-0.5112239519682115,-0.5595712106588425,38.0,90.6,20.7,39.0,28.0,20.0,4.6,3.1,-0.3,-0.4
75,Frank I Bennett Elementary School,ES,-0.2819123474558262,-1.1157675850954232,-0.5871556549339391,0.8801128023310001,0.35597594193120075,0.27137179559035124,-0.4434859713276707,-0.5148002855574434,0.4581207220028409,-0.07645792818311511,46.0,92.5,6.5,66.0,56.0,55.0,13.7,8.4,0.7,0.1
76,Frank W Gunsaulus Elementary Scholastic Academy,ES,-0.2819123474558262,1.0780790219625136,3.2854002208840396,-0.3895839823938301,-1.944176298239635,-0.858564215359129,0.16426451520860072,0.11649715690870105,0.3611862546057356,1.4695045757392124,46.0,96.6,87.3,45.0,14.0,34.0,24.0,18.1,0.6,1.7
77,Frazier Prospective IB Magnet Elementary School,ES,0.41422090316362226,1.1850959296238779,-0.5536062847226447,1.2428833122523801,0.30121041240332375,-0.4281124016640889,0.9667311770429009,0.5915972940223971,1.3305309285767883,1.6627498887295031,60.0,96.8,7.2,72.0,55.0,42.0,37.6,25.4,1.6,1.9
78,Frederic Chopin Elementary School,ES,1.7070397971711693,1.238604383454564,-0.8172084792399577,2.8753506068985906,2.7108937116299137,2.5312438174893117,2.1468292091521657,2.036422368532542,2.784547939533367,4.561429583583868,86.0,96.9,1.7,99.0,99.0,97.0,57.6,47.6,3.1,4.9
79,Galileo Math & Science Scholastic Academy Elementary School,ES,0.6628399212419966,0.22194376067161328,-0.750109738817369,-0.5709692373545201,-0.9036312372099712,0.32517827230223123,0.31177676922225883,0.3898424412754852,-1.1897652237479481,-0.9460618366394244,65.0,95.0,3.1,42.0,33.0,56.0,26.5,22.3,-1.0,-0.8
80,Garrett A Morgan Elementary School,ES,-1.1769408125379741,-1.3833098542488305,-0.4194088038774672,0.21503353414180335,-0.73933464862634,-0.21288649481656888,-0.7857144006393574,-0.8532277804877477,-0.8989618215566325,0.1167873848071758,28.0,92.0,10.0,55.0,36.0,46.0,7.9,3.2,-0.7,0.3
81,George Armstrong International Studies Elementary School,ES,0.36449709954794735,0.9175536604704707,-0.5104713801652663,0.7591892990238734,-0.2464448828754467,0.1637588421665912,0.5418958854835654,0.207612251697629,0.4581207220028409,-0.36632589766855156,59.0,96.3,8.1,64.0,45.0,53.0,30.4,19.5,0.7,-0.2
82,George B Swift Elementary Specialty School,ES,0.4639447067792971,0.9175536604704707,-0.6111194907991494,0.51734229240962,0.5202725305148319,0.5942106558616312,0.24687137745624915,-0.007159043161987167,-0.9958962889537379,0.8897686367683397,61.0,96.3,6.0,60.0,59.0,61.0,25.4,16.2,-0.8,1.1
83,George F Cassell Elementary School,ES,1.2098017610144205,-0.09910696231247242,-0.23728365130186915,-0.9337397472759001,0.629803589570586,0.8632430394210313,0.21736892665351754,0.5330233045152292,-0.8020273541595273,-0.9460618366394244,76.0,94.4,13.8,36.0,61.0,66.0,24.9,24.5,-0.6,-0.8
84,George Washington Elementary School,ES,0.31477329593227243,0.4894860298250206,-0.6302905594913176,-0.5105074857009567,1.4512865324887416,1.6165337133873514,0.5418958854835654,0.5460397466279332,0.16731731981152517,0.5999006672829033,58.0,95.5,5.6,43.0,76.0,80.0,30.4,24.7,0.4,0.8
85,George W Tilton Elementary School,ES,-2.2708644920828216,-1.7043605772329162,2.240576977160872,-0.6314309890080835,-0.30121041240332375,-1.342822505766049,-0.6618041072678846,-0.8337031173186916,-0.8989618215566325,-2.685269653552043,6.0,91.4,65.5,41.0,44.0,25.0,10.0,3.5,-0.7,-2.6
86,Gerald Delgado Kanoon Elementary Magnet School,ES,-0.381359954687176,0.7035198451477495,-0.7405242044712848,-0.20819872743314005,-0.35597594193120075,0.5942106558616312,-0.7798139104788111,-0.6319482645717795,-0.6081584193653168,-0.7528165236491334,44.0,95.9,3.3,48.0,43.0,61.0,8.0,6.6,-0.4,-0.6
87,Grover Cleveland Elementary School,ES,0.6131161176263218,0.22194376067161328,-0.6063267236261073,-0.2686604790867034,-0.30121041240332375,0.05614588874283118,0.12886157424532269,-0.03319192738739509,-0.5112239519682115,-0.656193867153988,64.0,95.0,6.1,47.0,44.0,51.0,23.4,15.8,-0.3,-0.5
88,Hannah G Solomon Elementary School,ES,1.3092493682457702,0.6500113913170634,-0.8603433837973361,0.6382657957167467,0.684569119098463,1.3475013298279515,1.8400037208037567,1.7240277578276457,0.3611862546057356,-0.36632589766855156,78.0,95.8,0.8,62.0,62.0,75.0,52.4,42.8,0.6,-0.2
89,Hawthorne Elementary Scholastic Academy,ES,2.0053826188652186,1.238604383454564,-0.841172315105168,0.2754952857953667,1.8894107687117578,2.1545984805061518,3.179414987247772,3.2339350429013107,1.5243998633709985,1.9526178582149398,92.0,96.9,1.2,56.0,84.0,90.0,75.1,66.0,1.8,2.2
90,Helen M Hefferan Elementary School,ES,-1.1272170089222993,-0.4201576852965657,-0.2564547199940374,0.6987275473703101,0.1369138238196926,0.43279122572599127,0.258672357777342,0.18808758852857296,0.2642517872086304,-0.07645792818311511,29.0,93.8,13.4,63.0,52.0,58.0,25.6,19.2,0.5,0.1
91,Helge A Haugan Elementary School,ES,-0.43108375830285084,0.8640452066397923,0.22282199731016786,-0.1477369757795767,-1.0679278257936022,-0.9123706920710091,-0.35497861891947585,-0.3976523065431074,-0.5112239519682115,0.1167873848071758,43.0,96.2,23.4,49.0,30.0,33.0,15.2,10.2,-0.3,0.3
92,Henry Clay Elementary School,ES,-0.6797027763812253,0.3289606683329777,-0.6111194907991494,-1.2965102571972802,-1.0131622962657252,-1.3966289824779292,-0.24286930586909555,-0.26097966435971526,-0.5112239519682115,-0.36632589766855156,38.0,95.2,6.0,30.0,31.0,24.0,17.1,12.3,-0.3,-0.2
93,Henry R Clissold Elementary School,ES,-0.3316361510715011,0.2754522145022917,-0.49609307864614005,0.5778040440631834,0.08214829429181555,-0.643338308511609,0.3825826511488147,0.6762041677549733,-0.8989618215566325,0.3100326977974668,45.0,95.1,8.4,61.0,51.0,38.0,27.7,26.7,-0.7,0.5
94,Hiram H Belding Elementary School,ES,0.6131161176263218,0.22194376067161328,0.12217388667628484,1.0614980572916901,0.08214829429181555,-0.05146706468092884,0.35898069050662945,0.331268451768317,-0.9958962889537379,-0.656193867153988,64.0,95.0,21.3,69.0,51.0,49.0,27.3,21.4,-0.8,-0.5
95,Horace Mann Elementary School,ES,-1.1769408125379741,-1.0622591312647447,1.229303103648999,-1.2965102571972802,-1.3965210029608646,-1.019983645494769,-1.0512364578639422,-0.8402113383750436,-0.8989618215566325,-0.07645792818311511,28.0,92.6,44.4,30.0,24.0,31.0,3.4,3.4,-0.7,0.1
96,Irene C. Hernandez Middle School for the Advancement of Science,MS,-0.8785979908439249,0.4894860298250206,-0.18935597957144862,-1.4778955121579702,-1.2322244143772334,-1.181403075630409,-0.5673962646991435,-0.46273451710662744,-1.9652409629247904,-0.9460618366394244,34.0,95.5,14.8,27.0,27.0,28.0,11.6,9.2,-1.8,-0.8
97,Irma C Ruiz Elementary School,ES,0.2650494923165976,0.4894860298250206,-0.13663554066798606,0.6382657957167467,0.35597594193120075,0.05614588874283118,-0.6205006761440605,-0.2284385590779552,-0.6081584193653168,0.21341004130232133,57.0,95.5,15.9,62.0,56.0,51.0,10.7,12.8,-0.4,0.4
98,James B Farnsworth Elementary School,ES,0.16560188508524779,-0.20612386997383686,-0.8172084792399577,-0.8128162439687735,0.5202725305148319,0.7018236092853913,0.5595973559652043,0.6046137361351014,0.7489241241941567,0.1167873848071758,55.0,94.2,1.7,38.0,59.0,63.0,30.7,25.6,1.0,0.3
99,James Otis Elementary School,ES,1.5578683863241447,0.4894860298250206,-0.7453169716443269,0.3964187891024934,2.437066063990528,2.2622114339299118,0.034453731676581625,-0.3390783170359393,0.4581207220028409,-0.36632589766855156,83.0,95.5,3.2,58.0,94.0,92.0,21.8,11.1,0.7,-0.2
100,James Ward Elementary School,ES,-0.13274093660880154,1.7201804679306925,-0.8363795479321259,-0.32912223074026675,0.35597594193120075,0.7018236092853913,1.7632973487166546,0.48746575712076523,-0.31735501717400105,-1.1393071496297154,49.0,97.8,1.3,46.0,56.0,63.0,51.1,23.8,-0.1,-1.0
101,James Weldon Johnson Elementary School,ES,0.7622875284733465,0.06141839917957043,-0.8315867807590839,1.4242685672130702,0.9036312372099712,0.7018236092853913,-0.7267094990338941,-0.7360798014734116,-0.6081584193653168,-1.1393071496297154,67.0,94.7,1.4,75.0,66.0,63.0,8.9,5.0,-0.4,-1.0
102,Jane Addams Elementary School,ES,0.2153256887009227,0.7570282989784278,-0.6590471625295699,-0.32912223074026675,-0.30121041240332375,-0.15908001810468886,-0.11305852233707647,-0.02668370633104311,0.2642517872086304,-0.5595712106588425,56.0,96.0,5.0,46.0,44.0,47.0,19.3,15.9,0.5,-0.4
103,Jane A Neil Elementary School,ES,-0.48080756191852575,-3.0420719229999524,-0.6590471625295699,-1.417433760504407,-0.73933464862634,-0.5357253550878489,-0.5791972450202361,-0.5994071592900195,-0.8989618215566325,0.7931459802731942,42.0,88.9,5.0,28.0,36.0,40.0,11.4,7.1,-0.7,1.0
104,Jean D Lafayette Elementary School,ES,-0.381359954687176,-0.2596323238045229,-0.2133198154366589,-0.8128162439687735,1.2322244143772334,1.6165337133873514,-0.7621124399971722,-0.6579811487971876,-0.5112239519682115,-1.4291751191151516,44.0,94.1,14.3,38.0,72.0,80.0,8.3,6.2,-0.3,-1.3
105,Jensen Elementary Scholastic Academy,ES,-0.82887418722825,-0.7947168621113374,-0.07432956741843942,0.9405745539845635,-0.5202725305148319,-0.3743059249522089,-0.05995411089215964,-0.30002899069782735,2.5906790047391564,0.6965233237780487,35.0,93.1,17.2,67.0,40.0,43.0,20.2,11.7,2.9,0.9
106,Johann W von Goethe Elementary School,ES,1.1600779573987456,0.6500113913170634,-0.6302905594913176,0.033648279181113315,1.0679278257936022,0.6480171325735113,0.21736892665351754,0.08395605162694103,-0.9958962889537379,-0.8494391801442789,75.0,95.8,5.6,52.0,69.0,62.0,24.9,17.6,-0.8,-0.7
107,John Barry Elementary School,ES,-0.82887418722825,0.2754522145022917,-0.6302905594913176,1.7870390771344502,-0.46550700098695486,-0.858564215359129,-0.35497861891947585,-0.25447144330336324,0.4581207220028409,0.3100326977974668,35.0,95.1,5.6,81.0,41.0,34.0,15.2,12.4,0.7,0.5
108,John B Drake Elementary School,ES,0.36449709954794735,-0.4201576852965657,1.1765826647455364,-0.32912223074026675,-1.8346452391838808,-0.3743059249522089,-0.7975153809604502,-0.4432098539375714,-0.4142894845711063,0.40665535429261224,59.0,93.8,43.3,46.0,16.0,43.0,7.7,9.5,-0.2,0.6
109,John Calhoun North Elementary School,ES,0.016430474238223133,0.7035198451477495,-0.6782182312217381,0.15457178248824,2.1084728868232663,1.5627272366754714,0.6835076493366771,-0.12430702217632317,3.172285809121788,3.208712392651831,52.0,95.9,4.6,54.0,88.0,79.0,32.8,14.4,3.5,3.5
110,John C Burroughs Elementary School,ES,-0.08301713299312664,0.542994483655699,-0.8890999868355884,-0.8128162439687735,0.19167935334756964,1.1322754229804315,0.27637382825898077,-0.02017548527469113,-0.12348608237979057,-0.26970324117340605,50.0,95.6,0.2,38.0,53.0,71.0,25.9,16.0,0.1,-0.1
111,John C Coonley Elementary School,ES,1.7567636007868441,0.7035198451477495,-0.8315867807590839,-0.7523544923152101,0.35597594193120075,0.8094365627091513,1.4210689194049675,1.4767153576862697,-0.8989618215566325,0.6965233237780487,87.0,95.9,1.4,39.0,56.0,65.0,45.3,39.0,-0.7,0.9
112,John C Dore Elementary School,ES,1.1103541537830706,0.542994483655699,-0.38106666649313076,1.6661155738273237,0.08214829429181555,0.3789847490141112,1.3325615669967728,0.5850890729660453,2.2998756025478406,0.3100326977974668,74.0,95.6,10.8,79.0,51.0,57.0,43.8,25.3,2.6,0.5
113,John Charles Haines Elementary School,ES,-0.9780455980752746,2.041231190914786,-0.8843072196625463,-0.8732779956223368,-0.08214829429181555,-0.4281124016640889,1.4033674489233288,0.6111219571914532,0.7489241241941567,0.3100326977974668,32.0,98.4,0.3,37.0,48.0,42.0,45.0,25.7,1.0,0.5
114,John D Shoop Math-Science Technical Academy Elementary School,ES,-0.9780455980752746,-0.7412084082806514,1.0567634854194852,-0.026813472472450025,-0.4107414714590778,0.1637588421665912,-0.4906898926120412,-0.5213085066137954,0.3611862546057356,-0.36632589766855156,32.0,93.2,40.8,51.0,42.0,53.0,12.9,8.3,0.6,-0.2
115,John F Eberhart Elementary School,ES,-0.48080756191852575,0.38246912216365614,-0.2708330215131636,-1.054663250583027,-0.9583967667378482,-0.4281124016640889,-0.7267094990338941,-0.4367016328812194,-1.6744375607334743,-0.8494391801442789,42.0,95.3,13.1,34.0,32.0,42.0,8.9,9.6,-1.5,-0.7
116,John Fiske Elementary School,ES,-1.9227978667730974,-0.9017337697726943,0.8794311000169293,0.21503353414180335,-0.7941001781542171,-0.5357253550878489,-1.015833516900664,-0.8011620120369316,-1.480568625939264,-1.6224204321054427,13.0,92.9,37.1,55.0,35.0,40.0,4.0,4.0,-1.3,-1.5
117,John Foster Dulles Elementary School,ES,-0.48080756191852575,-0.2596323238045229,0.4528748216161865,-0.5709692373545201,-1.5608175915444957,-0.9661771687828891,-0.7149085187128016,-0.8141784541496355,1.1366619937825777,-0.07645792818311511,42.0,94.1,28.2,42.0,21.0,32.0,9.1,3.8,1.4,0.1
118,John Harvard Elementary School of Excellence,ES,-0.033293329377451754,-0.8482253159420159,-0.48171477712701394,0.5778040440631834,-0.73933464862634,-0.3743059249522089,-0.4375854811671243,-0.5603578329519076,0.9427930589883671,0.21341004130232133,51.0,93.0,8.7,61.0,36.0,43.0,13.8,7.7,1.2,0.4
119,John H Hamline Elementary School,ES,-0.9283217944595997,-0.09910696231247242,-0.5392279832035186,-0.5105074857009567,-0.9036312372099712,-1.7732743194610892,-0.06585460105270584,-0.6644893698535396,0.7489241241941567,-0.36632589766855156,33.0,94.4,7.5,43.0,33.0,17.0,20.1,6.1,1.0,-0.2
120,John J Audubon Elementary School,ES,2.1545540297122434,0.8640452066397923,-0.6830109983947802,0.51734229240962,0.8488657076820941,0.5404041791497513,1.4210689194049675,1.2033700733194854,0.9427930589883671,0.8897686367683397,95.0,96.2,4.5,60.0,65.0,60.0,45.3,34.8,1.2,1.1
121,John L Marsh Elementary School,ES,1.0109065465517209,0.596502937486385,-0.6398760938374016,-0.7523544923152101,-0.08214829429181555,0.27137179559035124,-0.1366604829792619,-0.1177988011199712,-1.092830756350843,-0.9460618366394244,72.0,95.7,5.4,39.0,48.0,55.0,18.9,14.5,-0.9,-0.8
122,John Milton Gregory Elementary School,ES,-0.381359954687176,0.3289606683329777,-0.7453169716443269,-0.5105074857009567,0.5202725305148319,0.8632430394210313,0.1760654955296933,0.207612251697629,1.233596461179683,1.8559952017197943,44.0,95.2,3.2,43.0,59.0,66.0,24.2,19.5,1.5,2.1
123,John P Altgeld Elementary School,ES,-0.18246474022447642,-1.436818308079509,0.6781348787491629,0.3964187891024934,-0.7941001781542171,-1.235209552342289,-0.28417273699292,0.29872734648655697,-0.9958962889537379,2.7255991101761037,48.0,91.9,32.9,58.0,35.0,27.0,16.4,20.9,-0.8,3.0
124,John Spry Elementary Community School,ES,0.7125637248576716,0.8640452066397923,-0.6159122579721914,0.9405745539845635,-0.35597594193120075,0.1099523654547112,-0.19566538458472513,-0.5863907171773154,1.4274653959738932,0.8897686367683397,66.0,96.2,5.9,67.0,43.0,52.0,17.9,7.3,1.7,1.1
125,John T McCutcheon Elementary School,ES,0.2153256887009227,-0.31314077763520126,-0.4769220099539718,-0.6314309890080835,-0.4107414714590778,-0.9661771687828891,-0.10125754201598387,-0.3586029802049953,0.7489241241941567,-0.36632589766855156,56.0,94.0,8.8,41.0,42.0,32.0,19.5,10.8,1.0,-0.2
126,John T Pirie Fine Arts & Academic Center Elementary School,ES,-1.276388419769324,-0.5806830467886086,0.09821005081107458,0.6382657957167467,-0.19167935334756964,-0.3743059249522089,-0.6205006761440605,0.29872734648655697,-0.12348608237979057,1.3728819192440669,26.0,93.5,20.8,62.0,46.0,43.0,10.7,20.9,0.1,1.6
127,John W Garvy Elementary School,ES,0.41422090316362226,0.38246912216365614,-0.40982326953138315,-0.026813472472450025,0.30121041240332375,0.05614588874283118,0.7779154919054183,1.1187631995869096,-0.31735501717400105,0.02016472831203036,60.0,95.3,10.2,51.0,55.0,51.0,34.4,33.5,-0.1,0.2
128,John Whistler Elementary School,ES,-0.3316361510715011,-1.1692760389261017,-0.36668836497400464,-1.417433760504407,-1.5608175915444957,-1.6118548893254492,-0.9332266546530156,-0.7946537909805796,-1.092830756350843,0.3100326977974668,45.0,92.4,11.1,28.0,21.0,20.0,5.4,4.1,-0.9,0.5
129,Jonathan Burr Elementary School,ES,0.961182742936046,0.7035198451477495,-0.6925965327408642,-0.026813472472450025,0.73933464862634,0.1637588421665912,0.4651895133964633,0.38333422021913305,0.16731731981152517,0.40665535429261224,71.0,95.9,4.3,51.0,63.0,53.0,29.1,22.2,0.4,0.6
130,Jordan Elementary Community School,ES,0.4639447067792971,0.542994483655699,-0.11267170480277588,-0.1477369757795767,-1.8894107687117578,-1.7732743194610892,-0.2546702861901884,-0.5994071592900195,0.07038285241441991,-1.332552462620006,61.0,95.6,16.4,49.0,15.0,17.0,16.9,7.1,0.3,-1.2
131,Jose De Diego Elementary Community Academy,ES,0.2650494923165976,0.22194376067161328,0.4912169590005229,-0.6918927406616467,0.7941001781542171,0.5404041791497513,-0.266471266511281,-0.3260618749232353,-0.5112239519682115,-1.235929806124861,57.0,95.0,29.0,40.0,64.0,60.0,16.7,11.3,-0.3,-1.1
132,Joseph Brennemann Elementary School,ES,-0.08301713299312664,1.0245705681318351,-0.2420764184749113,0.4568805407560567,0.2464448828754467,-0.4819188783759689,-0.18386440426363232,-0.3520947591486433,0.7489241241941567,0.7931459802731942,50.0,96.5,13.7,59.0,54.0,41.0,18.1,10.9,1.0,1.0
133,Joseph E Gary Elementary School,ES,-0.9780455980752746,0.8105367528091063,-0.09350063611060756,-1.417433760504407,-1.7798797096560037,-1.127596598918529,-0.4080830303643927,-0.5668660540082595,0.16731731981152517,-0.07645792818311511,32.0,96.1,16.8,28.0,17.0,29.0,14.3,7.6,0.4,0.1
134,Josephine C Locke Elementary School,ES,0.2650494923165976,0.4894860298250206,-0.7932446433747474,0.2754952857953667,-0.2464448828754467,-0.3204994482403289,-0.006849699447242601,-0.04620836950009917,0.4581207220028409,1.4695045757392124,57.0,95.5,2.2,56.0,45.0,44.0,21.1,15.6,0.7,1.7
135,Joseph Jungman Elementary School,ES,-0.779150383612575,0.9710621143011567,-0.6446688610104437,0.09411003083467666,-0.35597594193120075,-1.6118548893254492,-0.7916148907999038,-0.6319482645717795,-0.12348608237979057,-0.8494391801442789,36.0,96.4,5.3,53.0,43.0,20.0,7.8,6.6,0.1,-0.7
136,Joseph Kellman Corporate Community Elementary School,ES,0.31477329593227243,0.3289606683329777,-0.6878037655678222,-0.3895839823938301,0.02738276476393852,-0.697144785223489,-0.46708793196985593,-0.37812764337405136,-0.5112239519682115,-0.7528165236491334,58.0,95.2,4.4,45.0,50.0,37.0,13.3,10.5,-0.3,-0.6
137,Joshua D Kershaw Elementary School,ES,0.513668510394972,0.11492685301024885,-0.5056786129922243,0.2754952857953667,0.5202725305148319,0.0023394120309511717,0.06395618247931324,-0.007159043161987167,1.6213343307681038,0.8897686367683397,62.0,94.8,8.2,56.0,59.0,50.0,22.3,16.2,1.9,1.1
138,Josiah Pickard Elementary School,ES,-0.08301713299312664,0.6500113913170634,-0.6542543953565279,-0.8732779956223368,-0.8488657076820941,-0.9661771687828891,-0.3018742074745588,-0.34558653809229134,1.4274653959738932,-0.1730805846782606,50.0,95.8,5.1,37.0,34.0,32.0,16.1,11.0,1.7,0.0
139,Julia Ward Howe Elementary School of Excellence,ES,0.7622875284733465,0.7570282989784278,-0.5296424488574345,1.0614980572916901,0.9583967667378482,0.48659770243787126,-0.03635215024997422,-0.45622629605027537,0.5550551893999461,-0.9460618366394244,67.0,96.0,7.7,69.0,67.0,59.0,20.6,9.3,0.8,-0.8
140,Langston Hughes Elementary School,ES,-1.1769408125379741,-2.4534789308624596,0.41932545140489214,-1.2965102571972802,-0.08214829429181555,0.6480171325735113,-0.7680129301577185,-0.6644893698535396,0.07038285241441991,-0.5595712106588425,28.0,90.0,27.5,30.0,48.0,62.0,8.2,6.1,0.3,-0.4
141,LaSalle Elementary Language Academy,ES,2.353449244174943,1.1850959296238779,-0.5631918190687288,0.033648279181113315,-0.35597594193120075,-0.5895318317997289,2.022918915780693,2.1600785686032298,0.07038285241441991,-0.462948554163697,99.0,96.8,7.0,52.0,43.0,39.0,55.5,49.5,0.3,-0.3
142,LaSalle II Magnet Elementary School,ES,0.7125637248576716,0.2754522145022917,-0.6302905594913176,0.033648279181113315,1.6155831210723728,1.7779531435229916,0.7425125509421403,1.4116331471227497,0.845858591591262,1.7593725452246487,66.0,95.1,5.6,52.0,79.0,83.0,33.8,38.0,1.1,2.0
143,Laughlin Falconer Elementary School,ES,0.1158780814695729,0.8105367528091063,-0.6254977923182755,-1.4778955121579702,-1.0679278257936022,-1.5042419359016892,-0.012750189607789009,-0.13732346428902725,0.845858591591262,0.5999006672829033,54.0,96.1,5.7,27.0,30.0,22.0,21.0,14.2,1.1,0.8
144,Lenart Elementary Regional Gifted Center,ES,1.358973171861445,1.5061466526079712,-0.8843072196625463,0.9405745539845635,0.73933464862634,0.0023394120309511717,3.9405782179582483,4.56161213839712,0.7489241241941567,0.3100326977974668,79.0,97.4,0.3,67.0,63.0,50.0,88.0,86.4,1.0,0.5
145,Leslie Lewis Elementary School,ES,-1.5250074378476983,-1.4903267619101948,0.9081877030551817,0.7591892990238734,-0.08214829429181555,-1.073790122206649,-1.015833516900664,-0.7360798014734116,-0.705092886762422,-0.26970324117340605,21.0,91.8,37.7,64.0,48.0,30.0,4.0,5.0,-0.5,-0.1
146,Little Village Elementary School,ES,-0.3316361510715011,1.1315874757931996,-0.7453169716443269,0.8801128023310001,-0.35597594193120075,-0.2666929715284489,-0.5850977351807823,-0.3195536538668833,0.3611862546057356,1.2762592627489213,45.0,96.7,3.2,66.0,43.0,45.0,11.3,11.4,0.6,1.5
147,Lorenz Brentano Math & Science Academy Elementary School,ES,0.2650494923165976,0.06141839917957043,-0.4577509412618037,-0.32912223074026675,-0.9583967667378482,-1.073790122206649,-0.1661629337819935,-0.5278167276701475,-1.7713720281305796,-1.1393071496297154,57.0,94.7,9.2,46.0,32.0,30.0,18.4,8.2,-1.6,-1.0
148,Lyman A Budlong Elementary School,ES,0.36449709954794735,0.43597757599434217,-0.7117676014330324,-0.8128162439687735,-0.46550700098695486,-0.3204994482403289,0.3176772593828052,0.48095753606441316,-1.8683064955276851,-0.5595712106588425,59.0,95.4,3.9,38.0,41.0,44.0,26.6,23.7,-1.7,-0.4
149,Mancel Talcott Elementary School,ES,0.5633923140106469,0.6500113913170634,-0.7453169716443269,1.1824215605988169,0.30121041240332375,0.1637588421665912,0.258672357777342,0.2922191254302051,-0.026551614982685316,0.5999006672829033,63.0,95.8,3.2,71.0,55.0,53.0,25.6,20.8,0.2,0.8
150,Mariano Azuela Elementary School,ES,0.1158780814695729,0.4894860298250206,0.045489611907611915,1.7870390771344502,1.8894107687117578,1.2398883764041915,-0.48478940245149493,-0.28701254858512326,-1.480568625939264,0.02016472831203036,54.0,95.5,19.7,81.0,84.0,73.0,13.0,11.9,-1.3,0.2
151,Mark Sheridan Elementary Math & Science Academy,ES,1.1103541537830706,1.1850959296238779,-0.8363795479321259,0.6987275473703101,0.73933464862634,0.48659770243787126,1.533178232455348,1.4311578102918057,1.233596461179683,1.2762592627489213,74.0,96.8,1.3,63.0,63.0,59.0,47.2,38.3,1.5,1.5
152,Mark Twain Elementary School,ES,0.7622875284733465,0.9175536604704707,-0.6446688610104437,-0.4500457340473934,1.1774588848493563,1.8317596202348716,0.6540051985339455,0.22713691486668508,-0.026551614982685316,-0.5595712106588425,67.0,96.3,5.3,44.0,71.0,84.0,32.3,19.8,0.2,-0.4
153,Martin A Ryerson Elementary School,ES,-0.5802551691498755,0.4894860298250206,3.65923606038132,-0.5105074857009567,-0.684569119098463,-0.4819188783759689,0.11116010376368388,0.051414946345181005,2.493744537342051,0.02016472831203036,40.0,95.5,95.1,43.0,37.0,41.0,23.1,17.1,2.8,0.2
154,Marvin Camras Elementary School,ES,0.1158780814695729,0.2754522145022917,-0.6925965327408642,-0.6314309890080835,2.1084728868232663,1.7779531435229916,-0.5909982253413288,-0.2805043275287713,-1.9652409629247904,-0.462948554163697,54.0,95.1,4.3,41.0,88.0,83.0,11.2,12.0,-1.8,-0.3
155,Mary Mapes Dodge Elementary Renaissance Academy,ES,0.2650494923165976,-0.09910696231247242,-0.2900040902053318,1.3033450639059434,1.8346452391838808,1.4551142832517114,0.48289098387810214,-0.02017548527469113,0.16731731981152517,-1.7190430886005883,57.0,94.4,12.7,73.0,83.0,77.0,29.4,16.0,0.4,-1.6
156,Mary McLeod Bethune Elementary School,ES,0.06615427785389802,-0.687699954449973,0.33784840946317723,-0.7523544923152101,-0.19167935334756964,-1.019983645494769,-0.8919232235291913,-0.7751291278115235,1.0397275263854724,-0.5595712106588425,53.0,93.3,25.8,39.0,46.0,31.0,6.1,4.4,1.3,-0.4
157,Matthew Gallistel Elementary Language Academy,ES,-0.13274093660880154,0.2754522145022917,-0.6159122579721914,-1.1755867538901534,-0.5202725305148319,-0.05146706468092884,-0.20156587474527132,-0.22193033802160322,-0.8020273541595273,0.6965233237780487,49.0,95.1,5.9,32.0,40.0,49.0,17.8,12.9,-0.6,0.9
158,Michael M Byrne Elementary School,ES,0.5633923140106469,0.007909945348884418,1.5839678744541108,-0.8128162439687735,0.4107414714590778,0.48659770243787126,0.11116010376368388,0.5525479676842853,-1.3836341585421588,-1.235929806124861,63.0,94.6,51.8,38.0,57.0,59.0,23.1,24.8,-1.2,-1.1
159,Mildred I Lavizzo Elementary School,ES,-1.8233502595417477,-1.6508521234022377,0.9752864434777704,-0.32912223074026675,-1.0679278257936022,-0.5895318317997289,-0.8919232235291913,-0.7621126856988196,0.3611862546057356,0.3100326977974668,15.0,91.5,39.1,46.0,30.0,39.0,6.1,4.6,0.6,0.5
160,Minnie Mars Jamieson Elementary School,ES,0.6131161176263218,0.596502937486385,-0.5104713801652663,0.8801128023310001,-0.46550700098695486,0.27137179559035124,0.9608306868823544,0.48095753606441316,0.07038285241441991,0.40665535429261224,64.0,95.7,8.1,66.0,41.0,55.0,37.5,23.7,0.3,0.6
161,Miriam G Canter Middle School,MS,0.2650494923165976,-1.7043605772329162,-0.7357314372982428,-0.8732779956223368,0.684569119098463,0.5942106558616312,0.02265275135548902,-0.5538496118955554,-0.4142894845711063,-1.332552462620006,57.0,91.4,3.4,37.0,62.0,61.0,21.6,7.8,-0.2,-1.2
162,Morton School of Excellence,ES,0.06615427785389802,-0.5271745929579301,2.643169419696405,0.6987275473703101,2.4918315935184054,1.9393725736586316,-0.2900732271534662,-0.5148002855574434,2.493744537342051,0.3100326977974668,53.0,93.6,73.9,63.0,95.0,86.0,16.3,8.4,2.8,0.5
163,Mount Vernon Elementary School,ES,-1.0277694016909495,-0.687699954449973,2.77257413336854,-0.4500457340473934,-1.6703486506002498,-1.9346937495967291,-0.39038155988275375,-0.42368519076851535,0.7489241241941567,0.5032780107877577,31.0,93.3,76.6,44.0,19.0,14.0,14.6,9.8,1.0,0.7
164,Myra Bradwell Communications Arts & Sciences Elementary School,ES,-1.0277694016909495,-1.329801400418152,2.739024763157246,-0.08727522412601336,0.2464448828754467,0.1099523654547112,-0.8801222432080986,-0.7816373488678755,0.9427930589883671,-1.332552462620006,31.0,92.1,75.9,50.0,54.0,52.0,6.3,4.3,1.2,-1.2
165,Nathan Hale Elementary School,ES,0.16560188508524779,-0.045598508481793996,-0.4289943382235513,0.2754952857953667,0.8488657076820941,1.3475013298279515,-0.11305852233707647,-0.04620836950009917,-0.705092886762422,0.21341004130232133,55.0,94.5,9.8,56.0,65.0,75.0,19.3,15.6,-0.5,0.4
166,National Teachers Elementary Academy,ES,0.7622875284733465,0.06141839917957043,-0.4577509412618037,0.51734229240962,-0.19167935334756964,0.48659770243787126,-0.27827224683237356,-0.2349467801343073,0.16731731981152517,0.8897686367683397,67.0,94.7,9.2,60.0,46.0,59.0,16.5,12.7,0.4,1.1
167,Newton Bateman Elementary School,ES,0.16560188508524779,0.8640452066397923,-0.8890999868355884,-0.2686604790867034,-0.8488657076820941,-1.342822505766049,0.028553241516035218,-0.013667264218339033,-0.9958962889537379,-0.26970324117340605,55.0,96.2,0.2,47.0,34.0,25.0,21.7,16.1,-0.8,-0.1
168,Nicholson Technology Academy,ES,-0.18246474022447642,-0.634191500619287,-0.6111194907991494,1.3033450639059434,-0.575038060042709,-0.4281124016640889,0.08165765296095226,-0.4822591802756834,1.6213343307681038,-0.36632589766855156,48.0,93.4,6.0,73.0,39.0,42.0,22.6,8.9,1.9,-0.2
169,North River Elementary School,ES,0.7622875284733465,0.542994483655699,0.06466068059978022,-0.026813472472450025,-0.1369138238196926,-0.15908001810468886,-0.09535705185543746,-0.16986456957078727,-0.4142894845711063,-0.462948554163697,67.0,95.6,20.1,51.0,47.0,47.0,19.6,13.7,-0.2,-0.3
170,Norwood Park Elementary School,ES,2.353449244174943,0.4894860298250206,-0.8843072196625463,1.0010363056381268,-0.9583967667378482,-1.019983645494769,1.7278944077533767,1.4767153576862697,-1.9652409629247904,-1.0426844931345698,99.0,95.5,0.3,68.0,32.0,31.0,50.5,39.0,-1.8,-0.9
171,Ole A Thorp Elementary Scholastic Academy,ES,0.9114589393203711,0.9710621143011567,0.33784840946317723,-0.6918927406616467,0.4107414714590778,-0.15908001810468886,1.627586075024089,1.457190694517214,0.5550551893999461,-0.656193867153988,70.0,96.4,25.8,40.0,57.0,47.0,48.8,38.7,0.8,-0.5
172,Oliver S Westcott Elementary School,ES,-1.0774932053066244,-1.0622591312647447,0.6110361383265742,0.15457178248824,-0.1369138238196926,-0.15908001810468886,-0.8388188120842743,-0.6709975909098915,0.07038285241441991,0.3100326977974668,30.0,92.6,31.5,54.0,47.0,47.0,7.0,6.0,0.3,0.5
173,Oscar DePriest Elementary School,ES,-0.82887418722825,-1.0087506774340587,0.05986791342673811,0.09411003083467666,-0.575038060042709,0.05614588874283118,-0.9686295956162935,-0.42368519076851535,0.6519896567970515,2.049240514710085,35.0,92.7,20.0,53.0,39.0,51.0,4.8,9.8,0.9,2.3
174,Park Manor Elementary School,ES,-1.1769408125379741,0.16843530684093488,-0.10308617045669163,-0.20819872743314005,0.9583967667378482,1.0246624695566713,-0.886022733368645,-0.6905222540789476,1.4274653959738932,0.9863912932634852,28.0,94.9,16.6,48.0,67.0,69.0,6.2,5.7,1.7,1.2
175,Patrick Henry Elementary School,ES,-0.3316361510715011,0.2754522145022917,-0.6925965327408642,-0.5105074857009567,-0.2464448828754467,0.9708559928447914,-0.5142918532542265,-0.26097966435971526,0.3611862546057356,0.7931459802731942,45.0,95.1,4.3,43.0,45.0,68.0,12.5,12.3,0.6,1.0
176,Paul Cuffe Math-Science Technology Academy Elementary School,ES,-0.033293329377451754,-0.5271745929579301,1.3491222829750504,0.15457178248824,1.8346452391838808,0.8632430394210313,-0.03635215024997422,-0.04620836950009917,-0.705092886762422,-1.235929806124861,51.0,93.6,46.9,54.0,83.0,66.0,20.6,15.6,-0.5,-1.1
177,Perkins Bass Elementary School,ES,-1.1769408125379741,-1.329801400418152,0.4864241918274808,0.33595703744893,-0.4107414714590778,0.1099523654547112,-0.9568286152952008,-0.6709975909098915,-0.31735501717400105,0.6965233237780487,28.0,92.1,28.9,57.0,42.0,52.0,5.0,6.0,-0.1,0.9
178,Pershing West Middle School,MS,-0.2819123474558262,0.8640452066397923,-0.7213531357791166,0.21503353414180335,0.46550700098695486,1.4013078065398314,-0.21926734522691035,0.331268451768317,-1.092830756350843,-0.656193867153988,46.0,96.2,3.7,55.0,58.0,76.0,17.5,21.4,-0.9,-0.5
179,Peter A Reinberg Elementary School,ES,0.41422090316362226,0.6500113913170634,-0.5056786129922243,-1.2965102571972802,0.2464448828754467,0.5404041791497513,0.16426451520860072,-0.10478235900726723,-0.5112239519682115,0.3100326977974668,60.0,95.8,8.2,30.0,54.0,60.0,24.0,14.7,-0.3,0.5
180,Philip Rogers Elementary School,ES,1.4584207790927948,0.9710621143011567,-0.754902505990411,0.6382657957167467,0.7941001781542171,1.3475013298279515,0.7720150017448719,0.7803357046566054,0.4581207220028409,0.5032780107877577,81.0,96.4,3.0,62.0,64.0,75.0,34.3,28.3,0.7,0.7
181,Pilsen Elementary Community Academy,ES,-0.43108375830285084,0.7570282989784278,-0.44816540691571954,0.21503353414180335,-0.684569119098463,-1.8270807961729691,-0.18976489442417874,-0.2284385590779552,-1.1897652237479481,0.1167873848071758,43.0,96.0,9.4,55.0,37.0,16.0,18.0,12.8,-1.0,0.3
182,Pulaski International Academy Elmentary School,ES,0.8120113320890213,0.8105367528091063,-0.8172084792399577,0.33595703744893,-1.4512865324887416,-1.289016029054169,0.1760654955296933,0.2011040306412769,0.2642517872086304,0.9863912932634852,68.0,96.1,1.7,57.0,23.0,26.0,24.2,19.4,0.5,1.2
183,Rachel Carson Elementary School,ES,-0.6797027763812253,1.6131635602693282,-0.7117676014330324,0.2754952857953667,-0.73933464862634,-1.289016029054169,-0.10715803217653028,-0.26748788541606733,-0.6081584193653168,0.02016472831203036,38.0,97.6,3.9,56.0,36.0,26.0,19.4,12.2,-0.4,0.2
184,Richard Edwards Elementary School,ES,-0.18246474022447642,0.38246912216365614,-0.40503050235834104,-0.6314309890080835,-0.02738276476393852,-0.05146706468092884,-0.21336685506636394,-0.3195536538668833,-0.8989618215566325,-0.26970324117340605,48.0,95.3,10.3,41.0,49.0,49.0,17.6,11.4,-0.7,-0.1
185,Richard J Daley Elementary Academy,ES,-1.1272170089222993,0.16843530684093488,1.2197175693029152,-0.32912223074026675,-0.4107414714590778,0.0023394120309511717,-0.40218254020384636,-0.7165551383043555,0.7489241241941567,0.3100326977974668,29.0,94.9,44.2,46.0,42.0,50.0,14.4,5.3,1.0,0.5
186,Richard J Oglesby Elementary School,ES,-0.381359954687176,-0.09910696231247242,0.3186773407710089,-0.1477369757795767,-0.9583967667378482,-0.3743059249522089,-0.9509281251346544,-0.5733742750646115,0.4581207220028409,0.1167873848071758,44.0,94.4,25.4,49.0,32.0,43.0,5.1,7.5,0.7,0.3
187,Robert Fulton Elementary School,ES,-0.2819123474558262,0.2754522145022917,-0.4146160367044252,0.6987275473703101,-0.575038060042709,0.1637588421665912,-0.68540606791007,-0.9899004226711398,0.6519896567970515,-1.0426844931345698,46.0,95.1,10.1,63.0,39.0,53.0,9.6,1.1,0.9,-0.9
188,Robert H Lawrence Elementary School,ES,-1.6244550450790483,-2.078919754047688,-0.2276981169557851,-0.026813472472450025,-1.0679278257936022,-0.804757738647249,-1.0925398889877664,-0.8402113383750436,-1.577503093336369,-1.4291751191151516,19.0,90.7,14.0,51.0,30.0,35.0,2.7,3.4,-1.4,-1.3
189,Robert L Grimes Elementary School,ES,1.358973171861445,0.3289606683329777,-0.6590471625295699,0.4568805407560567,1.1774588848493563,1.1860818996923115,0.052155202158220636,0.16205470430316504,-0.6081584193653168,0.40665535429261224,79.0,95.2,5.0,59.0,71.0,72.0,22.1,18.8,-0.4,0.6
190,Ronald Brown Elementary Community Academy,ES,-1.0277694016909495,-0.4201576852965657,0.8075395924212985,-1.1151250022365902,-0.2464448828754467,-0.10527354139280885,-0.4611874418093096,-0.24796322224701128,0.3611862546057356,1.1796366062537758,31.0,93.8,35.6,33.0,45.0,48.0,13.4,12.5,0.6,1.4
191,Ronald E McNair Elementary School,ES,-1.0277694016909495,-2.078919754047688,1.6318955461845313,0.4568805407560567,-1.6155831210723728,-0.9661771687828891,-0.6736050875889773,-0.6970304751352996,-1.3836341585421588,-1.8156657450957334,31.0,90.7,52.8,59.0,20.0,32.0,9.8,5.6,-1.2,-1.7
192,Rosario Castellanos Elementary School,ES,-0.779150383612575,0.9175536604704707,0.26595690186754645,-1.9011277737329135,-1.0131622962657252,-1.7732743194610892,-0.7798139104788111,-0.6579811487971876,-0.9958962889537379,-0.7528165236491334,36.0,96.3,24.3,20.0,31.0,17.0,8.0,6.2,-0.8,-0.6
193,Roswell B Mason Elementary School,ES,-0.7294265799969002,-1.1692760389261017,0.587072302461364,0.3964187891024934,-0.73933464862634,0.0023394120309511717,-1.0040325365795715,-0.6840140330225954,-2.256044365116106,-0.9460618366394244,37.0,92.4,31.0,58.0,36.0,50.0,4.2,5.8,-2.1,-0.8
194,Rufus M Hitch Elementary School,ES,0.6131161176263218,0.2754522145022917,-0.7213531357791166,0.3964187891024934,1.1226933553214793,0.8094365627091513,0.48879147403864853,0.5460397466279332,-0.31735501717400105,-0.1730805846782606,64.0,95.1,3.7,58.0,70.0,65.0,29.5,24.7,-0.1,0.0
195,Salmon P Chase Elementary School,ES,0.16560188508524779,0.43597757599434217,-0.012023594168892692,-0.7523544923152101,-1.2322244143772334,-1.342822505766049,-0.24286930586909555,-0.34558653809229134,-0.8020273541595273,-0.07645792818311511,55.0,95.4,18.5,39.0,27.0,25.0,17.1,11.0,-0.6,0.1
196,Samuel Gompers Fine Arts Options Elementary School,ES,-0.8785979908439249,-0.5271745929579301,1.6989942866071204,0.033648279181113315,0.5202725305148319,0.3789847490141112,-0.4552869516487633,-0.5082920645010914,0.16731731981152517,-0.8494391801442789,34.0,93.6,54.2,52.0,59.0,57.0,13.5,8.5,0.4,-0.7
197,Scott Joplin Elementary School,ES,-0.82887418722825,0.22194376067161328,1.234095870822041,0.09411003083467666,-0.8488657076820941,-0.2666929715284489,-0.6736050875889773,-0.26748788541606733,-0.026551614982685316,0.5032780107877577,35.0,95.0,44.5,53.0,34.0,45.0,9.8,12.2,0.2,0.7
198,Sidney Sawyer Elementary School,ES,0.2650494923165976,1.1850959296238779,-0.5440207503765606,-0.7523544923152101,-1.1226933553214793,-1.3966289824779292,-0.1484614633003545,-0.2349467801343073,-0.6081584193653168,0.21341004130232133,57.0,96.8,7.4,39.0,29.0,24.0,18.7,12.7,-0.4,0.4
199,South Loop Elementary School,ES,1.6075921899398196,0.38246912216365614,-0.2900040902053318,-0.9337397472759001,-0.19167935334756964,0.3789847490141112,1.9462125436935906,2.1145210212087657,0.7489241241941567,1.2762592627489213,84.0,95.3,12.7,36.0,46.0,57.0,54.2,48.8,1.0,1.5
200,Spencer Technology Academy,ES,-0.82887418722825,-1.1157675850954232,0.2563713675214624,1.1824215605988169,0.35597594193120075,0.8632430394210313,-0.6205006761440605,-0.34558653809229134,0.4581207220028409,1.4695045757392124,35.0,92.5,24.1,71.0,56.0,66.0,10.7,11.0,0.7,1.7
201,Stephen Decatur Classical Elementary School,ES,2.353449244174943,0.8640452066397923,-0.764488040336495,2.8753506068985906,2.7108937116299137,2.6388567709130717,4.271005666948842,5.0302040544544635,-0.026551614982685316,-1.1393071496297154,99.0,96.2,2.8,99.0,99.0,99.0,93.6,93.6,0.2,-1.0
202,Stephen F Gale Elementary Community Academy,ES,-0.6299789727655504,-1.329801400418152,0.7691974550369619,-1.4778955121579702,-1.1226933553214793,-0.9123706920710091,-0.8034158711209964,-0.6124236014027234,-0.705092886762422,-0.1730805846782606,39.0,92.1,34.8,27.0,29.0,33.0,7.6,6.9,-0.5,0.0
203,Stephen K Hayt Elementary School,ES,1.0109065465517209,0.542994483655699,1.7660930270297093,-0.4500457340473934,0.9036312372099712,-0.10527354139280885,0.4356870625937317,0.4484164307826531,0.07038285241441991,-0.07645792818311511,72.0,95.6,55.6,44.0,66.0,48.0,28.6,23.2,0.3,0.1
204,Talman Elementary School,ES,2.353449244174943,0.8640452066397923,-0.4577509412618037,2.8753506068985906,1.7251141801281267,1.8855660969467516,0.35898069050662945,0.012365620007068891,0.2642517872086304,0.5032780107877577,99.0,96.2,9.2,99.0,81.0,85.0,27.3,16.5,0.5,0.7
205,Telpochcalli Elementary School,ES,-0.48080756191852575,0.43597757599434217,-0.7692808075095372,-1.780204270425787,1.0679278257936022,1.7241466668111116,-0.7562119498366258,-0.5863907171773154,-0.31735501717400105,0.6965233237780487,42.0,95.4,2.7,22.0,69.0,82.0,8.4,7.3,-0.1,0.9
206,Thomas Chalmers Specialty Elementary School,ES,-0.8785979908439249,-0.09910696231247242,-0.7357314372982428,-0.3895839823938301,1.5608175915444957,2.046985527082392,-1.1279428299510441,-0.7425880225297635,-0.8989618215566325,0.9863912932634852,34.0,94.4,3.4,45.0,78.0,88.0,2.1,4.9,-0.7,1.2
207,Thomas Hoyne Elementary School,ES,0.7622875284733465,0.11492685301024885,-0.8986855211816726,1.3033450639059434,0.9036312372099712,0.9170495161329114,0.12886157424532269,-0.1503399064017312,0.4581207220028409,-0.1730805846782606,67.0,94.8,0.0,73.0,66.0,67.0,23.4,14.0,0.7,0.0
208,Turner-Drew Elementary Language Academy,ES,0.2153256887009227,0.6500113913170634,0.2515786003484202,-0.026813472472450025,0.9036312372099712,1.3475013298279515,0.1760654955296933,0.4484164307826531,-0.12348608237979057,0.6965233237780487,56.0,95.8,24.0,51.0,66.0,75.0,24.2,23.2,0.1,0.9
209,Uplift Community High School,HS,-0.08301713299312664,-3.149088830661317,-0.5104713801652663,0.6382657957167467,0.19167935334756964,-0.10527354139280885,0.12296108408477649,-0.9118017699949156,0.5550551893999461,-0.36632589766855156,50.0,88.7,8.1,62.0,53.0,48.0,23.3,2.3,0.8,-0.2
210,Victor Herbert Elementary School,ES,-0.08301713299312664,-0.9552422236033803,-0.40503050235834104,1.2428833122523801,0.02738276476393852,-0.10527354139280885,0.5182939248413801,-0.39114408548675533,1.8152032655623145,-0.9460618366394244,50.0,92.8,10.3,72.0,50.0,48.0,30.0,10.3,2.1,-0.8
211,Virgil Grissom Elementary School,ES,0.513668510394972,0.4894860298250206,-0.7788663418556212,0.7591892990238734,2.053707357295389,1.0246624695566713,0.04625471199767423,0.09046427268329289,-1.2866996911450534,-1.6224204321054427,62.0,95.5,2.5,64.0,87.0,69.0,22.0,17.7,-1.1,-1.5
212,Walter L Newberry Math & Science Academy Elementary School,ES,0.961182742936046,0.2754522145022917,-0.7980374105477894,0.8801128023310001,-0.30121041240332375,-0.4819188783759689,1.4741733308498848,1.2749605049393575,0.7489241241941567,1.0830139497586306,71.0,95.1,2.1,66.0,44.0,41.0,46.2,35.9,1.0,1.3
213,Walter Q Gresham Elementary School,ES,-1.326112223384999,0.4894860298250206,0.7979540580752142,-2.4452835386149836,0.4107414714590778,0.9708559928447914,-0.6677045974284309,-0.5798824961209634,1.1366619937825777,-0.1730805846782606,25.0,95.5,35.4,11.0,57.0,68.0,9.9,7.4,1.4,0.0
214,Wendell Smith Elementary School,ES,-1.4752836342320235,-1.329801400418152,3.4148049345561753,-3.049901055150617,-1.1226933553214793,-1.019983645494769,-0.6972070482311625,-0.7881455699242277,-0.705092886762422,-1.1393071496297154,22.0,92.1,90.0,1.0,29.0,31.0,9.4,4.2,-0.5,-1.0
215,West Pullman Elementary School,ES,-1.4255598306163486,-1.8113774848942805,-0.5344352160304765,-0.2686604790867034,0.02738276476393852,0.3789847490141112,-0.9155251841713766,-0.6905222540789476,-1.092830756350843,-1.4291751191151516,23.0,91.2,7.6,47.0,50.0,57.0,5.7,5.7,-0.9,-1.3
216,Whitney M Young Magnet High School,HS,2.1545540297122434,0.007909945348884418,-0.841172315105168,0.9405745539845635,-0.19167935334756964,0.1099523654547112,4.619134586421075,3.949839359100031,-1.3836341585421588,-0.9460618366394244,95.0,94.6,1.2,67.0,46.0,52.0,99.5,77.0,-1.2,-0.8
217,Wildwood Elementary School,ES,2.353449244174943,0.8640452066397923,-0.850757849451252,0.9405745539845635,-0.2464448828754467,0.27137179559035124,1.8695061716064882,1.0992385364178539,0.4581207220028409,-0.5595712106588425,99.0,96.2,1.0,67.0,45.0,55.0,52.9,33.2,0.7,-0.4
218,Willa Cather Elementary School,ES,0.8617351357046962,0.16843530684093488,0.5151807948657332,1.7870390771344502,1.8346452391838808,0.6480171325735113,-0.05405362073161323,0.29872734648655697,2.396810069944946,2.049240514710085,69.0,94.9,29.5,81.0,83.0,62.0,20.3,20.9,2.7,2.3
219,William Bishop Owen Scholastic Academy Elementary School,ES,-0.13274093660880154,1.238604383454564,-0.841172315105168,0.2754952857953667,-0.1369138238196926,0.05614588874283118,0.42388608227263885,0.8258932520510693,0.4581207220028409,-0.07645792818311511,49.0,96.9,1.2,56.0,47.0,51.0,28.4,29.0,0.7,0.1
220,William C Goudy Elementary School,ES,0.9114589393203711,0.8105367528091063,-0.6111194907991494,0.5778040440631834,0.1369138238196926,0.8094365627091513,0.5654978461257508,0.47444931500806126,0.6519896567970515,0.7931459802731942,70.0,96.1,6.0,61.0,52.0,65.0,30.8,23.6,0.9,1.0
221,William C Reavis Math & Science Specialty Elementary School,ES,-0.18246474022447642,-0.5806830467886086,0.8842238671899714,-1.5383572638115335,-1.8894107687117578,-2.1499196564442493,-0.9096246940108302,-0.40416052759945936,-0.8989618215566325,-0.1730805846782606,48.0,93.5,37.2,26.0,15.0,10.0,5.8,10.1,-0.7,0.0
222,William E Dever Elementary School,ES,0.7622875284733465,0.4894860298250206,-0.7980374105477894,1.6056538221737602,-0.73933464862634,-0.697144785223489,0.606801277249575,0.7543028204311972,0.16731731981152517,1.0830139497586306,67.0,95.5,2.1,78.0,36.0,37.0,31.5,27.9,0.4,1.3
223,William F Finkl Elementary School,ES,0.2153256887009227,0.3289606683329777,-0.5775701205878551,0.033648279181113315,0.35597594193120075,-0.4819188783759689,-0.11895901249762288,-0.4367016328812194,0.16731731981152517,0.5032780107877577,56.0,95.2,6.7,52.0,56.0,41.0,19.2,9.6,0.4,0.7
224,William H Brown Elementary School,ES,-0.779150383612575,-0.9552422236033803,1.9290471109131389,1.6056538221737602,1.2869899439051105,1.2936948531160715,-0.6500031269467921,-0.8532277804877477,0.845858591591262,-1.0426844931345698,36.0,92.8,59.0,78.0,73.0,74.0,10.2,3.2,1.1,-0.9
225,William H Seward Communication Arts Academy Elementary School,ES,-0.5802551691498755,0.596502937486385,-0.20852704826361687,-0.6314309890080835,0.73933464862634,0.8632430394210313,-0.5319933237358656,-0.5473413908392034,-1.2866996911450534,-0.656193867153988,40.0,95.7,14.4,41.0,63.0,66.0,12.2,7.9,-1.1,-0.5
226,William J & Charles H Mayo Elementary School,ES,0.016430474238223133,0.38246912216365614,0.3474339438092613,0.8196510506774368,-0.1369138238196926,0.1099523654547112,-0.33727714843783685,-0.6709975909098915,0.4581207220028409,-0.462948554163697,52.0,95.3,26.0,65.0,47.0,52.0,15.5,6.0,0.7,-0.3
227,William J Onahan Elementary School,ES,0.6131161176263218,0.596502937486385,-0.5679845862417708,-1.4778955121579702,-0.575038060042709,-0.9661771687828891,0.8192189230292427,0.8649425783891815,-0.026551614982685316,-0.1730805846782606,64.0,95.7,6.9,27.0,39.0,32.0,35.1,29.6,0.2,0.0
228,William K New Sullivan Elementary School,ES,-1.226664616153649,-2.292953569370417,0.409739917058808,-0.6918927406616467,-0.9036312372099712,0.43279122572599127,-1.0807389086666737,-0.6840140330225954,-1.092830756350843,0.02016472831203036,27.0,90.3,27.3,40.0,33.0,58.0,2.9,5.8,-0.9,0.2
229,William W Carter Elementary School,ES,-1.9227978667730974,-1.8113774848942805,0.39536161553968185,-0.9942014989294635,0.684569119098463,0.32517827230223123,-0.850619792405367,-0.7035386961916515,-0.4142894845711063,-1.332552462620006,13.0,91.2,27.0,35.0,62.0,56.0,6.8,5.5,-0.2,-1.2
