id,school,level,x,y,safety,attendance,misconduct,instr,teachers,leaders,outlier_score,cluster_x,cluster_y,cluster,behavior_score,academic_score,safety_dev,attendance_dev,misconduct_dev,instr_dev
0,Abraham Lincoln Elementary School,ES,4.816929649146182,-1.133688987765912,99.0,96.0,2.0,66.0,70.0,65.0,26.406791722489537,High,Low,High-Low,98.01598236428767,66.0,47.46606334841629,1.4040723981900385,-17.28190045248869,14.475113122171948
1,Adam Clayton Powell Paideia Community Academy Elementary School,ES,1.687889339391775,1.6814170186224966,54.0,95.6,15.7,84.0,76.0,63.0,27.165204641051893,High,High,High-High,81.262055662717,84.0,2.4660633484162915,1.0040723981900328,-3.5819004524886893,32.47511312217195
2,Agustin Lara Elementary Academy,ES,0.4436533054238991,0.754774440731064,56.0,95.5,10.4,37.0,48.0,65.0,9.854461105944264,Mid,High,Mid-High,86.30476715348581,37.0,4.4660633484162915,0.9040723981900385,-8.881900452488688,-14.524886877828052
3,Albany Park Multicultural Academy,MS,1.5004355584679636,-0.8012122714213736,66.0,97.0,2.3,71.0,50.0,43.0,12.244145962244762,High,Low,High-Low,94.80113897308715,71.0,16.0,1.914285714285711,-3.7142857142857144,25.857142857142854
4,Alessandro Volta Elementary School,ES,-0.0604063104663112,0.2987158293417686,43.0,96.4,22.5,37.0,56.0,62.0,19.685230155260392,Mid,Mid,Mid-Mid,74.07917700009185,37.0,-8.533936651583709,1.8040723981900442,3.2180995475113114,-14.524886877828052
5,Alexander Graham Bell Elementary School,ES,3.482128022241336,-2.237213472457775,99.0,96.3,6.3,46.0,51.0,51.0,27.43008962518672,High,Low,High-Low,94.09387342702306,46.0,47.46606334841629,1.7040723981900356,-12.981900452488688,-5.524886877828052
6,Alexander Graham Elementary School,ES,-1.348209208166203,-0.2919760892680778,49.0,92.5,27.4,33.0,41.0,30.0,27.306533920220193,Low,Mid,Low-Mid,69.77128685588316,33.0,-2.5339366515837085,-2.0959276018099615,8.11809954751131,-18.524886877828052
7,Alexander Hamilton Elementary School,ES,0.97617996323518,0.1235099222207727,73.0,95.3,12.5,59.0,48.0,59.0,8.111279536939866,High,Mid,High-Mid,85.91898594654175,59.0,21.46606334841629,0.7040723981900356,-6.781900452488689,7.475113122171948
8,Alfred David Kohn Elementary School,ES,-3.9117276465482007,-0.6784160976286935,19.0,90.1,31.2,13.0,19.0,21.0,69.2755569508889,Low,Low,Low-Low,63.30485900615413,13.0,-32.53393665158371,-4.495927601809967,11.91809954751131,-38.52488687782805
9,Alfred Nobel Elementary School,ES,-1.4083992010431126,-0.1331334047480546,37.0,94.6,24.8,35.0,36.0,48.0,20.35886471767475,Low,Mid,Low-Mid,71.2501148158354,35.0,-14.533936651583709,0.0040723981900328,5.518099547511312,-16.524886877828052
10,Amelia Earhart Options for Knowledge Elementary School,ES,1.4859694267391264,-0.6428917415085952,81.0,96.3,33.4,73.0,54.0,34.0,49.40224108929818,High,Low,High-Low,67.54845228253882,73.0,29.46606334841629,1.7040723981900356,14.11809954751131,21.475113122171948
11,Ames Middle School,MS,-2.3700057682629865,-1.98595044787547,38.0,94.3,5.3,35.0,26.0,26.0,16.48986129324889,Low,Low,Low-Low,89.22568200606229,35.0,-12.0,-0.7857142857142918,-0.7142857142857144,-10.142857142857146
12,Amos Alonzo Stagg Elementary School,ES,-2.71141326969954,-0.0488348834591725,23.0,91.4,34.3,42.0,42.0,25.0,32.55065393286246,Low,Mid,Low-Mid,60.944245430329744,42.0,-28.53393665158371,-3.195927601809956,15.018099547511309,-9.524886877828052
13,Andrew Carnegie Elementary School,ES,-0.2632287426303503,-1.2024631544478277,48.0,94.6,6.2,63.0,31.0,42.0,15.569433680966075,Mid,Low,Mid-Low,89.34509047487829,63.0,-3.5339366515837085,0.0040723981900328,-13.08190045248869,11.475113122171948
14,Anna R. Langford Community Academy,ES,-1.7813855750468557,0.8000286871463769,31.0,91.8,29.0,32.0,50.0,49.0,30.144028740491002,Low,High,Low-High,66.58399926517866,32.0,-20.53393665158371,-2.7959276018099644,9.718099547511311,-19.524886877828052
15,Annie Keller Elementary Gifted Magnet School,ES,7.742195093864778,-0.2018294600714451,99.0,97.5,4.9,82.0,82.0,94.0,54.3331877269899,High,Mid,High-Mid,95.49003398548727,82.0,47.46606334841629,2.9040723981900385,-14.381900452488688,30.475113122171948
16,Arthur E Canty Elementary School,ES,2.4570375606349635,-1.408015927228051,87.0,96.1,2.3,64.0,47.0,49.0,17.292377267452576,High,Low,High-Low,96.64737760631947,64.0,35.46606334841629,1.5040723981900328,-16.981900452488688,12.475113122171948
17,Ashburn Community Elementary School,ES,-0.0851102953995483,1.2014920449135027,48.0,95.5,28.5,40.0,70.0,68.0,20.40679004613433,Mid,High,Mid-High,68.94461284100302,40.0,-3.5339366515837085,0.9040723981900385,9.218099547511311,-11.524886877828052
18,Avalon Park Elementary School,ES,-2.705478888536428,-0.0834431242198521,32.0,92.1,52.1,32.0,16.0,32.0,33.02848392298047,Low,Mid,Low-Mid,45.485441352071284,32.0,-19.53393665158371,-2.495927601809967,32.81809954751131,-19.524886877828052
19,Belmont-Cragin Elementary School,ES,0.8425066888397428,-0.0454426687822937,75.0,95.3,1.3,66.0,53.0,45.0,12.322788369092255,High,Mid,High-Mid,96.39019013502342,66.0,23.46606334841629,0.7040723981900356,-17.981900452488688,14.475113122171948
20,Benjamin E Mays Elementary Academy,ES,-0.8456150255534828,-0.6395727124968154,27.0,95.5,0.3,48.0,37.0,41.0,29.728350832752298,Mid,Low,Mid-Low,92.91815927252686,48.0,-24.53393665158371,0.9040723981900385,-18.981900452488688,-3.5248868778280524
21,Bernhard Moos Elementary School,ES,-1.5193340901685553,-0.3114677853212019,50.0,93.0,45.5,32.0,31.0,34.0,28.288565952644547,Low,Mid,Low-Mid,53.283732892440526,32.0,-1.5339366515837085,-1.5959276018099615,26.21809954751131,-19.524886877828052
22,Beulah Shoesmith Elementary School,ES,-0.3379353406414931,-0.6716004332848217,45.0,94.7,0.3,39.0,41.0,37.0,11.558643377176546,Mid,Low,Mid-Low,94.49802516763111,39.0,-6.5339366515837085,0.10407239819004133,-18.981900452488688,-12.524886877828052
23,Burnham Elementary Inclusive Academy,ES,2.3916709102316855,1.4791832894168238,61.0,95.5,29.4,99.0,71.0,65.0,55.15255914488617,High,High,High-High,69.3120235142831,99.0,9.466063348416291,0.9040723981900385,10.11809954751131,47.47511312217195
24,Calmeca Academy of Fine Arts and Dual Language,ES,1.1340619157831844,0.4817118065016534,58.0,96.5,1.9,72.0,55.0,64.0,14.556233741620922,High,High,High-High,94.38780196564709,72.0,6.4660633484162915,1.9040723981900385,-17.38190045248869,20.475113122171948
25,Carl von Linne Elementary School,ES,1.2457656377601714,-0.4948978801834658,68.0,95.8,1.8,75.0,44.0,37.0,13.220952314720988,High,Low,High-Low,95.33388444934326,75.0,16.46606334841629,1.2040723981900356,-17.481900452488688,23.475113122171948
26,Carrie Jacobs Bond Elementary School,ES,-1.2395944506398875,0.002647426145426,54.0,91.7,18.8,63.0,32.0,39.0,30.2988764118339,Low,Mid,Low-Mid,78.05639753834848,63.0,2.4660633484162915,-2.8959276018099587,-0.48190045248868785,11.475113122171948
27,Carter G Woodson South Elementary School,ES,-4.423202303792341,-0.2904358322953939,26.0,91.9,70.5,1.0,41.0,30.0,78.06912536519276,Low,Mid,Low-Mid,28.01506383760448,1.0,-25.53393665158371,-2.695927601809956,51.218099547511315,-50.52488687782805
28,Cesar E Chavez Multicultural Academic Center Elementary School,ES,0.3595203827137522,0.6334271982730312,54.0,95.1,11.1,52.0,50.0,57.0,4.5956302738427635,Mid,High,Mid-High,85.44135207127768,52.0,2.4660633484162915,0.5040723981900328,-8.181900452488689,0.47511312217194757
29,Charles Gates Dawes Elementary School,ES,-0.2827360204640277,0.4344813373142057,44.0,95.7,35.6,30.0,54.0,60.0,30.17900378404751,Mid,Mid,Mid-Mid,62.07403325066593,30.0,-7.5339366515837085,1.1040723981900413,16.318099547511313,-21.524886877828052
30,Charles N Holden Elementary School,ES,-0.3814619067753039,-0.3759103802593792,53.0,94.9,4.7,35.0,51.0,53.0,8.257279465618101,Mid,Mid,Mid-Mid,91.20969964177459,35.0,1.4660633484162915,0.30407239819004417,-14.58190045248869,-16.524886877828052
31,Charles P Caldwell Academy of Math & Science Elementary School,ES,-2.3443319971831347,-0.3643007241878212,25.0,92.7,30.7,44.0,25.0,28.0,24.792424214235545,Low,Mid,Low-Mid,64.55405529530633,44.0,-26.53393665158371,-1.8959276018099587,11.41809954751131,-7.524886877828052
32,Charles R Darwin Elementary School,ES,-1.165751340608013,-0.8677611765811971,58.0,95.6,33.8,34.0,46.0,31.0,36.85038482256079,Low,Low,Low-Low,65.0041333700744,34.0,6.4660633484162915,1.0040723981900328,14.518099547511309,-17.524886877828052
33,Charles S Brownell Elementary School,ES,-1.6398145316438204,-0.4840462638390214,20.0,92.8,14.1,82.0,19.0,20.0,71.70925991361356,Low,Low,Low-Low,79.35152016166069,82.0,-31.53393665158371,-1.7959276018099644,-5.181900452488689,30.475113122171948
34,Charles S Deneen Elementary School,ES,-1.145156076795205,0.1342139467984223,55.0,93.8,39.5,51.0,49.0,15.0,49.88954446685937,Low,Mid,Low-Mid,59.3276384678975,51.0,3.4660633484162915,-0.7959276018099644,20.21809954751131,-0.5248868778280524
35,Charles Sumner  Math & Science Community Acad Elementary School,ES,-1.4450745755485177,-1.043000653322753,41.0,93.9,12.3,48.0,34.0,30.0,15.674255010411645,Low,Low,Low-Low,83.03481216129327,48.0,-10.533936651583709,-0.6959276018099558,-6.981900452488688,-3.5248868778280524
36,Christian Ebinger Elementary School,ES,2.3446218565624863,-1.536719067366683,78.0,95.9,9.3,50.0,62.0,26.0,38.098485222813395,High,Low,High-Low,89.37264627537431,50.0,26.46606334841629,1.3040723981900442,-9.981900452488688,-1.5248868778280524
37,Clara Barton Elementary School,ES,-1.6870794191293563,1.735148518695791,25.0,91.7,25.3,34.0,59.0,77.0,48.03183754601724,Low,High,Low-High,69.4222467162671,34.0,-26.53393665158371,-2.8959276018099587,6.018099547511312,-17.524886877828052
38,Claremont Academy Elementary School,ES,-1.2649754485271971,1.931043341703591,36.0,92.5,64.2,51.0,59.0,62.0,45.34169270707164,Low,High,Low-High,34.77542022595757,51.0,-15.533936651583709,-2.0959276018099615,44.91809954751132,-0.5248868778280524
39,Columbia Explorers Elementary Academy,ES,1.4136522764583903,1.3799230847429902,59.0,95.4,8.9,63.0,72.0,65.0,11.240490967651777,High,High,High-High,87.94892991641406,63.0,7.4660633484162915,0.8040723981900442,-10.381900452488688,11.475113122171948
40,Crispus Attucks Elementary School,ES,0.183056559460949,1.839220643997505,45.0,95.2,12.5,57.0,85.0,81.0,22.06657449825577,Mid,High,Mid-High,83.33792596674932,57.0,-6.5339366515837085,0.6040723981900413,-6.781900452488689,5.475113122171948
41,Crown Community Academy of Fine Arts Center Elementary School,ES,-2.8327692423753033,1.1260386529710005,27.0,92.5,100.5,52.0,31.0,45.0,70.97885887694886,Low,High,Low-High,0.6062276109120991,52.0,-24.53393665158371,-2.0959276018099615,81.21809954751131,0.47511312217194757
42,Daniel Boone Elementary School,ES,0.7404433829037324,0.1300854316280065,52.0,95.5,10.5,48.0,53.0,45.0,1.5578767132407776,High,Mid,High-Mid,85.84550381188573,48.0,0.4660633484162915,0.9040723981900385,-8.781900452488689,-3.5248868778280524
43,Daniel S Wentworth Elementary School,ES,-3.3286156602802848,0.5490787679901677,30.0,91.6,73.8,36.0,32.0,31.0,47.48979361211363,Low,High,Low-High,25.323780655828052,36.0,-21.53393665158371,-2.995927601809967,54.51809954751131,-15.524886877828052
44,Daniel Webster Elementary School,ES,0.8526333379075597,0.0971517965494825,48.0,94.8,5.7,66.0,44.0,46.0,9.636502280833,High,Mid,High-Mid,89.82272435014238,66.0,-3.5339366515837085,0.20407239819003564,-13.58190045248869,14.475113122171948
45,DeWitt Clinton Elementary School,ES,0.0943653923112687,-1.0337810742258966,47.0,95.3,14.8,52.0,36.0,41.0,10.657964824620475,Mid,Low,Mid-Low,81.41820519886103,52.0,-4.5339366515837085,0.7040723981900356,-4.481900452488688,0.47511312217194757
46,Donald Morrill Math & Science Elementary School,ES,-2.4212241166647943,-0.7865095670669926,28.0,93.4,19.6,39.0,32.0,35.0,21.605777321006986,Low,Low,Low-Low,75.089556351612,39.0,-23.53393665158371,-1.1959276018099558,0.31809954751131286,-12.524886877828052
47,Dunne Technology Academy,ES,1.1869991409139171,1.4097291307907789,46.0,94.6,22.8,71.0,59.0,51.0,22.37338868769398,High,High,High-High,73.91384219711583,71.0,-5.5339366515837085,0.0040723981900328,3.518099547511312,19.475113122171948
48,Durkin Park Elementary School,ES,2.031583624337486,1.8386165805409576,61.0,95.4,0.7,58.0,74.0,88.0,20.320881335297507,High,High,High-High,95.6645540552953,58.0,9.466063348416291,0.8040723981900442,-18.58190045248869,6.475113122171948
49,Dvorak Technology Academy,ES,-1.6085813553128523,-2.4476777237010747,46.0,94.2,4.4,69.0,13.0,4.0,67.28179414478468,Low,Low,Low-Low,90.77799210067052,69.0,-5.5339366515837085,-0.3959276018099587,-14.881900452488688,17.475113122171948
50,Edgar Allan Poe Elementary Classical School,ES,5.087001959208171,-3.28296963593714,99.0,97.6,0.0,88.0,41.0,27.0,67.59195904091781,High,Low,High-Low,100.0,88.0,47.46606334841629,3.004072398190033,-19.28190045248869,36.47511312217195
51,Edgebrook Elementary School,ES,4.2070821896065285,-1.158218114462107,99.0,96.9,3.4,53.0,70.0,66.0,27.729833135840504,High,Low,High-Low,96.81271240929549,53.0,47.46606334841629,2.304072398190044,-15.881900452488688,1.4751131221719476
52,Edward A Bouchet Math & Science Academy Elementary School,ES,-1.3442498692045928,1.0875237527693775,33.0,92.9,28.0,50.0,58.0,53.0,21.528392827381104,Low,High,Low-High,67.78726922017084,50.0,-18.53393665158371,-1.6959276018099558,8.718099547511311,-1.5248868778280524
53,Edward C Delano Elementary School,ES,0.1278804472941138,2.282061255747838,38.0,93.4,20.3,52.0,79.0,63.0,34.8128504161261,Mid,High,Mid-High,75.36511435657206,52.0,-13.533936651583709,-1.1959276018099558,1.0180995475113122,0.47511312217194757
54,Edward Coles Elementary Language Academy,ES,-0.7811233172959531,0.8977902109808649,22.0,95.1,24.9,54.0,53.0,52.0,31.027896757485546,Mid,High,Mid-High,69.82639845687517,54.0,-29.53393665158371,0.5040723981900328,5.61809954751131,2.4751131221719476
55,Edward Jenner Elementary Academy of the Arts,ES,-2.44885146061447,-0.1022319480771032,50.0,88.9,16.0,41.0,26.0,20.0,61.971220633057236,Low,Mid,Low-Mid,80.0036741067328,41.0,-1.5339366515837085,-5.695927601809956,-3.2819004524886886,-10.524886877828052
56,Edward N Hurley Elementary School,ES,0.528755344533931,-0.3415689914678025,77.0,95.4,12.2,49.0,54.0,43.0,14.199408437287753,Mid,Mid,Mid-Mid,86.57113989161385,49.0,25.46606334841629,0.8040723981900442,-7.081900452488689,-2.5248868778280524
57,Elaine O Goodlow Elementary Magnet School,ES,-2.2005081197570813,-0.1198343500240846,44.0,91.6,47.5,56.0,28.0,35.0,35.80468580250085,Low,Mid,Low-Mid,50.766969780472124,56.0,-7.5339366515837085,-2.995927601809967,28.21809954751131,4.475113122171948
58,Elizabeth Peabody Elementary School,ES,-0.3690715765616223,0.1841155515167723,51.0,95.2,7.6,61.0,55.0,57.0,7.3459922844646215,Mid,Mid,Mid-Mid,88.38982272435013,61.0,-0.5339366515837085,0.6040723981900413,-11.681900452488689,9.475113122171948
59,Eliza Chappell Elementary School,ES,0.9150538958253014,-0.1306955886023478,70.0,95.1,2.9,51.0,48.0,56.0,6.161330716579673,High,Mid,High-Mid,94.4429135666391,51.0,18.46606334841629,0.5040723981900328,-16.38190045248869,-0.5248868778280524
60,Ellen Mitchell Elementary School,ES,3.3916621372493707,1.3402371884592352,99.0,95.5,12.2,95.0,90.0,81.0,57.53305283389298,High,High,High-High,88.60108386148617,95.0,47.46606334841629,0.9040723981900385,-7.081900452488689,43.47511312217195
61,Emiliano Zapata Elementary Academy,ES,1.4704386200766564,0.989105096170906,60.0,96.6,2.8,42.0,79.0,73.0,22.012526678003116,High,High,High-High,93.75401855423901,42.0,8.466063348416291,2.004072398190033,-16.481900452488688,-9.524886877828052
62,Emmett Louis Till Math and Science Academy,ES,-4.152832146089644,1.6139487829437746,31.0,88.0,95.7,40.0,42.0,49.0,100.0,Low,High,Low-High,4.9692293561127965,40.0,-20.53393665158371,-6.5959276018099615,76.41809954751132,-11.524886877828052
63,Enrico Fermi Elementary School,ES,-3.5864082698049913,1.6244030176199409,30.0,89.9,101.2,63.0,47.0,42.0,85.9267305520151,Low,High,Low-High,0.0,63.0,-21.53393665158371,-4.695927601809956,81.91809954751132,11.475113122171948
64,Eugene Field Elementary School,ES,-1.6410468504295714,-2.2945210026616834,42.0,96.8,10.0,37.0,8.0,21.0,37.71006513184967,Low,Low,Low-Low,85.50564893910169,37.0,-9.533936651583709,2.2040723981900356,-9.281900452488689,-14.524886877828052
65,Evergreen Academy Middle School,MS,0.2349579533754736,0.2781348246301142,60.0,96.1,5.5,44.0,65.0,59.0,15.85380062178359,Mid,Mid,Mid-Mid,91.22807017543859,44.0,10.0,1.0142857142857054,-0.5142857142857142,-1.142857142857146
66,Fairfield Elementary Academy,ES,-2.6610284122831924,-0.094187250459486,31.0,93.4,43.4,34.0,25.0,45.0,25.2182728499955,Low,Mid,Low-Mid,53.50417929640856,34.0,-20.53393665158371,-1.1959276018099558,24.11809954751131,-17.524886877828052
67,Federico Garcia Lorca Elementary School,ES,0.3318788631724695,1.739563307672941,53.0,96.8,43.8,58.0,82.0,74.0,54.87847287782477,Mid,High,Mid-High,55.46982639845688,58.0,1.4660633484162915,2.2040723981900356,24.51809954751131,6.475113122171948
68,Ferdinand Peck Elementary School,ES,0.2099580435233102,-1.0940054438426745,51.0,96.3,1.2,47.0,37.0,32.0,11.48977288175351,Mid,Low,Mid-Low,94.3694314319831,47.0,-0.5339366515837085,1.7040723981900356,-18.08190045248869,-4.524886877828052
69,Fernwood Elementary School,ES,-2.0670701214354117,-0.1208372414586936,29.0,93.4,29.0,43.0,50.0,39.0,20.82084258767066,Low,Mid,Low-Mid,66.54725819785064,43.0,-22.53393665158371,-1.1959276018099558,9.718099547511311,-8.524886877828052
70,Florence Nightingale Elementary School,ES,-0.3473231982241171,0.9470652579783678,35.0,95.6,9.4,48.0,72.0,68.0,20.64981761037305,Mid,High,Mid-High,85.30357306879765,48.0,-16.53393665158371,1.0040723981900328,-9.881900452488688,-3.5248868778280524
71,Foster Park Elementary School,ES,-3.012815598274949,0.0137578407898416,11.0,93.7,33.6,22.0,46.0,50.0,47.44042004874439,Low,Mid,Low-Mid,60.69624322586571,22.0,-40.53393665158371,-0.8959276018099587,14.318099547511313,-29.524886877828052
72,Francisco I Madero Middle School,MS,-0.9935366650320044,-0.8565720863187852,49.0,95.1,7.1,47.0,34.0,49.0,10.154078594903622,Low,Low,Low-Low,88.65619546247818,47.0,-1.0,0.014285714285705353,1.0857142857142854,1.857142857142854
73,Francis M McKay Elementary School,ES,-0.9382654152241484,1.4066287014923904,23.0,93.5,9.1,54.0,61.0,67.0,31.425279396047074,Mid,High,Mid-High,84.28400845044548,54.0,-28.53393665158371,-1.0959276018099615,-10.181900452488689,2.4751131221719476
74,Francis Parkman Elementary School,ES,-2.974763740511285,-0.7298216600849134,38.0,90.6,20.7,39.0,28.0,20.0,36.751599425733104,Low,Low,Low-Low,74.74051621199595,39.0,-13.533936651583709,-3.995927601809967,1.4180995475113107,-12.524886877828052
75,Frank I Bennett Elementary School,ES,-0.2209229295475056,1.0298802565201155,46.0,92.5,6.5,66.0,56.0,55.0,27.87349135986658,Mid,High,Mid-High,88.69293652980619,66.0,-5.5339366515837085,-2.0959276018099615,-12.781900452488689,14.475113122171948
76,Frank W Gunsaulus Elementary Scholastic Academy,ES,-1.1050931329336606,-0.7723317295097286,46.0,96.6,87.3,45.0,14.0,34.0,91.33675484955803,Low,Low,Low-Low,14.85257646734638,45.0,-5.5339366515837085,2.004072398190033,68.01809954751131,-6.524886877828052
77,Frazier Prospective IB Magnet Elementary School,ES,2.24021799143782,-0.1816842678989033,60.0,96.8,7.2,72.0,55.0,42.0,13.853857322443353,High,Mid,High-Mid,89.73087168182236,72.0,8.466063348416291,2.2040723981900356,-12.08190045248869,20.475113122171948
78,Frederic Chopin Elementary School,ES,6.783363923372202,2.789160928806721,86.0,96.9,1.7,99.0,99.0,97.0,69.79616706148364,High,High,High-High,97.18012308257555,99.0,34.46606334841629,2.304072398190044,-17.58190045248869,47.47511312217195
79,Galileo Math & Science Scholastic Academy Elementary School,ES,0.0907305158308867,-1.3888250666358402,65.0,95.0,3.1,42.0,33.0,56.0,16.52504866235984,Mid,Low,Mid-Low,93.790759621567,42.0,13.466063348416291,0.4040723981900385,-16.181900452488687,-9.524886877828052
80,Garrett A Morgan Elementary School,ES,-1.8323835189409268,0.1987963745836573,28.0,92.0,10.0,55.0,36.0,46.0,21.18047593223917,Low,Mid,Low-Mid,83.7788187746854,55.0,-23.53393665158371,-2.5959276018099615,-9.281900452488689,3.4751131221719476
81,George Armstrong International Studies Elementary School,ES,1.080540006775387,-0.4464717881118909,59.0,96.3,8.1,64.0,45.0,53.0,4.970908397665175,High,Mid,High-Mid,88.76641866446221,64.0,7.4660633484162915,1.7040723981900356,-11.181900452488689,12.475113122171948
82,George B Swift Elementary Specialty School,ES,1.2554755139044664,0.057121487446493,61.0,96.3,6.0,60.0,59.0,61.0,6.8704908689544295,High,Mid,High-Mid,90.87903003582255,60.0,9.466063348416291,1.7040723981900356,-13.281900452488689,8.475113122171948
83,George F Cassell Elementary School,ES,0.6619891479292832,-0.1619287431175601,76.0,94.4,13.8,36.0,61.0,66.0,27.74340274579566,Mid,Mid,Mid-Mid,84.91779186185359,36.0,24.46606334841629,-0.19592760180995583,-5.481900452488688,-15.524886877828052
84,George Washington Elementary School,ES,1.7965484389775055,1.097810978937778,58.0,95.5,5.6,43.0,76.0,80.0,13.084234970302685,High,High,High-High,90.89740056948654,43.0,6.4660633484162915,0.9040723981900385,-13.681900452488689,-8.524886877828052
85,George W Tilton Elementary School,ES,-4.058218060337809,0.1356311369214387,6.0,91.4,65.5,41.0,44.0,25.0,59.734274681275544,Low,Mid,Low-Mid,30.72471755304492,41.0,-45.53393665158371,-3.195927601809956,46.218099547511315,-10.524886877828052
86,Gerald Delgado Kanoon Elementary Magnet School,ES,-0.5567357894891569,-0.0411620633515056,44.0,95.9,3.3,48.0,43.0,61.0,12.920910581006897,Mid,Mid,Mid-Mid,91.76081565169468,48.0,-7.5339366515837085,1.3040723981900442,-15.981900452488688,-3.5248868778280524
87,Grover Cleveland Elementary School,ES,0.1537123387191864,-0.7437517957230954,64.0,95.0,6.1,47.0,44.0,51.0,3.3057287894103107,Mid,Low,Mid-Low,90.94332690364655,47.0,12.466063348416291,0.4040723981900385,-13.181900452488689,-4.524886877828052
88,Hannah G Solomon Elementary School,ES,3.1717630498727853,-0.2983806714243222,78.0,95.8,0.8,62.0,62.0,75.0,13.524650173964309,High,Mid,High-Mid,97.17093781574356,62.0,26.46606334841629,1.2040723981900356,-18.481900452488688,10.475113122171948
89,Hawthorne Elementary Scholastic Academy,ES,5.96170417379956,0.3307389945624658,92.0,96.9,1.2,56.0,84.0,90.0,42.04878741636707,High,Mid,High-Mid,98.1905024340957,56.0,40.46606334841629,2.304072398190044,-18.08190045248869,4.475113122171948
90,Helen M Hefferan Elementary School,ES,0.0380602743932369,0.6329492684913353,29.0,93.8,13.4,63.0,52.0,58.0,21.7798374059441,Mid,High,Mid-High,80.91301552310094,63.0,-22.53393665158371,-0.7959276018099644,-5.881900452488688,11.475113122171948
91,Helge A Haugan Elementary School,ES,-0.9317661777022858,-1.0753913076689483,43.0,96.2,23.4,49.0,30.0,33.0,22.900715849521358,Mid,Low,Mid-Low,73.23413245154771,49.0,-8.533936651583709,1.6040723981900413,4.11809954751131,-2.5248868778280524
92,Henry Clay Elementary School,ES,-1.4327371584939146,-1.6756922588794003,38.0,95.2,6.0,30.0,31.0,24.0,13.996310653840174,Low,Low,Low-Low,88.66538072931019,30.0,-13.533936651583709,0.6040723981900413,-13.281900452488689,-21.524886877828052
93,Henry R Clissold Elementary School,ES,0.4518856304490462,-0.793795868941009,45.0,95.1,8.4,61.0,51.0,38.0,12.398288041369558,Mid,Low,Mid-Low,87.09470010103793,61.0,-6.5339366515837085,0.5040723981900328,-10.881900452488688,9.475113122171948
94,Hiram H Belding Elementary School,ES,0.5879891918885245,-0.4774761837224059,64.0,95.0,21.3,69.0,51.0,49.0,13.419506129529763,Mid,Mid,Mid-Mid,76.98172131900432,69.0,12.466063348416291,0.4040723981900385,2.018099547511312,17.475113122171948
95,Horace Mann Elementary School,ES,-3.172325914963656,-0.508180049899929,28.0,92.6,44.4,30.0,24.0,31.0,24.293874999035943,Low,Low,Low-Low,52.23661247359236,30.0,-23.53393665158371,-1.9959276018099672,25.11809954751131,-21.524886877828052
96,Irene C. Hernandez Middle School for the Advancement of Science,MS,-2.2044577679508675,-1.9183515417269856,34.0,95.5,14.8,27.0,27.0,28.0,17.268366486180444,Low,Low,Low-Low,80.24249104436484,27.0,-16.0,0.41428571428571104,8.785714285714286,-18.142857142857146
97,Irma C Ruiz Elementary School,ES,0.2160417800354046,0.239434197062134,57.0,95.5,15.9,62.0,56.0,51.0,4.592723545992479,Mid,Mid,Mid-Mid,81.34472306420501,62.0,5.4660633484162915,0.9040723981900385,-3.381900452488688,10.475113122171948
98,James B Farnsworth Elementary School,ES,0.9555680903275544,0.2456306825070164,55.0,94.2,1.7,38.0,59.0,63.0,17.46917435768298,High,Mid,High-Mid,94.08468816019105,38.0,3.4660633484162915,-0.3959276018099587,-17.58190045248869,-13.524886877828052
99,James Otis Elementary School,ES,2.355129543705536,2.1730576243449486,83.0,95.5,3.2,58.0,94.0,92.0,44.284579355028,High,High,High-High,95.39818131716726,58.0,31.46606334841629,0.9040723981900385,-16.08190045248869,6.475113122171948
100,James Ward Elementary School,ES,1.575598740273824,-0.8948091687564568,49.0,97.8,1.3,46.0,56.0,63.0,29.30994951484897,High,Low,High-Low,94.23165242950307,46.0,-2.5339366515837085,3.2040723981900356,-17.981900452488688,-5.524886877828052
101,James Weldon Johnson Elementary School,ES,0.5035346161059518,0.8313811946171227,67.0,94.7,1.4,75.0,66.0,63.0,17.063115060346497,Mid,High,Mid-High,95.50840451915127,75.0,15.466063348416291,0.10407239819004133,-17.88190045248869,23.475113122171948
102,Jane Addams Elementary School,ES,0.1544529979001975,-0.6510876395380915,56.0,96.0,5.0,46.0,44.0,47.0,3.9371005965309047,Mid,Low,Mid-Low,91.3107375769266,46.0,4.4660633484162915,1.4040723981900385,-14.281900452488689,-5.524886877828052
103,Jane A Neil Elementary School,ES,-2.260646642870767,-0.1088062137776564,42.0,88.9,5.0,28.0,36.0,40.0,63.03492753230554,Low,Mid,Low-Mid,89.37264627537431,28.0,-9.533936651583709,-5.695927601809956,-14.281900452488689,-23.524886877828052
104,Jean D Lafayette Elementary School,ES,-0.55650318447237,1.542345592336092,44.0,94.1,14.3,38.0,72.0,80.0,25.440012050394184,Mid,High,Mid-High,81.49168733351704,38.0,-7.5339366515837085,-0.4959276018099672,-4.981900452488688,-13.524886877828052
105,Jensen Elementary Scholastic Academy,ES,-0.1552541081991705,0.8690746401238465,35.0,93.1,17.2,67.0,40.0,43.0,15.570229096718444,Mid,High,Mid-High,77.90943326903647,67.0,-16.53393665158371,-1.4959276018099672,-2.0819004524886893,15.475113122171948
106,Johann W von Goethe Elementary School,ES,1.1573091537298963,-0.0509825118765797,75.0,95.8,5.6,52.0,69.0,62.0,11.697165194937707,High,Mid,High-Mid,92.4864517314228,52.0,23.46606334841629,1.2040723981900356,-13.681900452488689,0.47511312217194757
107,John Barry Elementary School,ES,-0.051306313656539,-0.1326502087629017,35.0,95.1,5.6,81.0,41.0,34.0,38.01805749685858,Mid,Mid,Mid-Mid,88.7480481307982,81.0,-16.53393665158371,0.5040723981900328,-13.681900452488689,29.475113122171948
108,John B Drake Elementary School,ES,-1.5501562585385578,-0.659337620646297,59.0,93.8,43.3,46.0,16.0,43.0,46.43974777588241,Low,Low,Low-Low,56.204647745017,46.0,7.4660633484162915,-0.7959276018099644,24.01809954751131,-5.524886877828052
109,John Calhoun North Elementary School,ES,2.957857869744711,2.815734805141946,52.0,95.9,4.6,54.0,88.0,79.0,18.350196966498775,High,High,High-High,91.3015523100946,54.0,0.4660633484162915,1.3040723981900442,-14.681900452488689,2.4751131221719476
110,John C Burroughs Elementary School,ES,0.5516711320887615,0.131356252142875,50.0,95.6,0.2,38.0,53.0,71.0,12.096680357597293,Mid,Mid,Mid-Mid,95.13180857903922,38.0,-1.5339366515837085,1.0040723981900328,-19.08190045248869,-13.524886877828052
111,John C Coonley Elementary School,ES,2.4683081553957216,-1.1042657343678075,87.0,95.9,1.4,39.0,56.0,65.0,25.940816760184838,High,Low,High-Low,97.45568108753558,39.0,35.46606334841629,1.3040723981900442,-17.88190045248869,-12.524886877828052
112,John C Dore Elementary School,ES,2.560330420389153,0.2303420622315455,74.0,95.6,10.8,79.0,51.0,57.0,19.666100086881244,High,Mid,High-Mid,87.59988977679801,79.0,22.46606334841629,1.0040723981900328,-8.481900452488688,27.475113122171948
113,John Charles Haines Elementary School,ES,1.1275757500804395,-1.219785212281732,32.0,98.4,0.3,37.0,48.0,42.0,50.919108345592235,High,Low,High-Low,93.64379535225498,37.0,-19.53393665158371,3.804072398190044,-18.981900452488688,-14.524886877828052
114,John D Shoop Math-Science Technical Academy Elementary School,ES,-1.4482952888457166,0.7903830098942088,32.0,93.2,40.8,51.0,42.0,53.0,15.854505874129247,Low,High,Low-High,55.965830807384954,51.0,-19.53393665158371,-1.3959276018099587,21.51809954751131,-0.5248868778280524
115,John F Eberhart Elementary School,ES,-1.6305996700632912,-1.2284582687561716,42.0,95.3,13.1,34.0,32.0,42.0,13.406806556177623,Low,Low,Low-Low,82.5204372187012,34.0,-9.533936651583709,0.7040723981900356,-6.181900452488689,-17.524886877828052
116,John Fiske Elementary School,ES,-2.9685450507278497,-0.0137006007507705,13.0,92.9,37.1,55.0,35.0,40.0,26.81536236632701,Low,Mid,Low-Mid,57.59162303664921,55.0,-38.53393665158371,-1.6959276018099558,17.818099547511313,3.4751131221719476
117,John Foster Dulles Elementary School,ES,-1.7631854462989227,-0.5180862395274197,42.0,94.1,28.2,42.0,21.0,32.0,23.62729261484642,Low,Low,Low-Low,68.54046110039496,42.0,-9.533936651583709,-0.4959276018099672,8.91809954751131,-9.524886877828052
118,John Harvard Elementary School of Excellence,ES,-0.5342024235103672,0.1246510994111575,51.0,93.0,8.7,61.0,36.0,43.0,18.173897847853823,Mid,Mid,Mid-Mid,87.17736750252595,61.0,-0.5339366515837085,-1.5959276018099615,-10.58190045248869,9.475113122171948
119,John H Hamline Elementary School,ES,-1.4268811267609685,-1.1435308242570503,33.0,94.4,7.5,43.0,33.0,17.0,24.396556133526555,Low,Low,Low-Low,86.75484522825387,43.0,-18.53393665158371,-0.19592760180995583,-11.781900452488689,-8.524886877828052
120,John J Audubon Elementary School,ES,3.312023954909983,-0.2762401315114859,95.0,96.2,4.5,60.0,65.0,60.0,17.86035777304613,High,Mid,High-Mid,95.37062551667125,60.0,43.46606334841629,1.6040723981900413,-14.781900452488689,8.475113122171948
121,John L Marsh Elementary School,ES,0.1394683420044969,-0.8609562874534809,72.0,95.7,5.4,39.0,48.0,55.0,11.29276013486122,Mid,Low,Mid-Low,92.38541379627078,39.0,20.46606334841629,1.1040723981900413,-13.881900452488688,-12.524886877828052
122,John Milton Gregory Elementary School,ES,1.149449343215951,0.9729220729236068,44.0,95.2,3.2,43.0,59.0,66.0,10.274384813243854,High,High,High-High,91.78837145219067,43.0,-7.5339366515837085,0.6040723981900413,-16.08190045248869,-8.524886877828052
123,John P Altgeld Elementary School,ES,-0.7844188376060263,-0.384287856875408,48.0,91.9,32.9,58.0,35.0,27.0,34.191043965298306,Mid,Mid,Mid-Mid,64.57242582897032,58.0,-3.5339366515837085,-2.695927601809956,13.61809954751131,6.475113122171948
124,John Spry Elementary Community School,ES,1.0381035819186704,0.2524171294170169,66.0,96.2,5.9,67.0,43.0,52.0,5.617608092613941,High,Mid,High-Mid,91.42096077891063,67.0,14.466063348416291,1.6040723981900413,-13.381900452488688,15.475113122171948
125,John T McCutcheon Elementary School,ES,-0.6010348144103023,-0.6878403658190951,56.0,94.0,8.8,41.0,42.0,32.0,15.7537728421548,Mid,Low,Mid-Low,87.63663084412602,41.0,4.4660633484162915,-0.5959276018099615,-10.481900452488688,-10.524886877828052
126,John T Pirie Fine Arts & Academic Center Elementary School,ES,-0.5843923877747647,0.4674128580465155,26.0,93.5,20.8,62.0,46.0,43.0,17.274670523568084,Mid,Mid,Mid-Mid,73.8128042619638,62.0,-25.53393665158371,-1.0959276018099615,1.5180995475113122,10.475113122171948
127,John W Garvy Elementary School,ES,1.226676931820164,-0.6621317634090647,60.0,95.3,10.2,51.0,55.0,51.0,0.0,High,Low,High-Low,86.8375126297419,51.0,8.466063348416291,0.7040723981900356,-9.08190045248869,-0.5248868778280524
128,John Whistler Elementary School,ES,-2.561248079887404,-1.503851937504886,45.0,92.4,11.1,28.0,21.0,20.0,38.44618532819863,Low,Low,Low-Low,84.3666758519335,28.0,-6.5339366515837085,-2.195927601809956,-8.181900452488689,-23.524886877828052
129,Jonathan Burr Elementary School,ES,1.533194463234966,-0.1602494913010671,71.0,95.9,4.3,51.0,63.0,53.0,9.287998270279168,High,Mid,High-Mid,93.32231101313494,51.0,19.46606334841629,1.3040723981900442,-14.981900452488688,-0.5248868778280524
130,Jordan Elementary Community School,ES,-1.320591692608142,-2.2072208839420933,61.0,95.6,16.4,49.0,15.0,17.0,33.35602796327415,Low,Low,Low-Low,81.262055662717,49.0,9.466063348416291,1.0040723981900328,-2.88190045248869,-2.5248868778280524
131,Jose De Diego Elementary Community Academy,ES,-0.3412381781112226,0.4648455843417658,57.0,95.0,29.0,40.0,64.0,60.0,22.575827424713307,Mid,Mid,Mid-Mid,69.26609718012308,40.0,5.4660633484162915,0.4040723981900385,9.718099547511311,-11.524886877828052
132,Joseph Brennemann Elementary School,ES,0.515856539522473,0.1176797634795374,50.0,96.5,13.7,59.0,54.0,41.0,12.250159289900747,Mid,Mid,Mid-Mid,82.81436575732525,59.0,-1.5339366515837085,1.9040723981900385,-5.581900452488689,7.475113122171948
133,Joseph E Gary Elementary School,ES,-1.7494960566445377,-1.5445051690266889,32.0,96.1,16.8,28.0,17.0,29.0,26.665653603286664,Low,Low,Low-Low,78.27684394231652,28.0,-19.53393665158371,1.5040723981900328,-2.481900452488688,-23.524886877828052
134,Josephine C Locke Elementary School,ES,0.7630849484712062,-0.2709520578188304,57.0,95.5,2.2,56.0,45.0,44.0,6.333594367432431,High,Mid,High-Mid,93.92853862404704,56.0,5.4660633484162915,0.9040723981900385,-17.08190045248869,4.475113122171948
135,Joseph Jungman Elementary School,ES,-1.1245818795303038,-1.0578135292622368,36.0,96.4,5.3,53.0,43.0,20.0,24.694359598760343,Low,Low,Low-Low,89.23486727289426,53.0,-15.533936651583709,1.8040723981900442,-13.981900452488688,1.4751131221719476
136,Joseph Kellman Corporate Community Elementary School,ES,-0.4555417936704111,-0.7526273619595779,58.0,95.2,4.4,45.0,50.0,37.0,5.953519173030906,Mid,Low,Mid-Low,91.9720767888307,45.0,6.4660633484162915,0.6040723981900413,-14.881900452488688,-6.524886877828052
137,Joshua D Kershaw Elementary School,ES,1.094993709752239,0.6083882220806767,62.0,94.8,8.2,56.0,59.0,50.0,5.307861128703719,High,High,High-High,88.81234499862222,56.0,10.466063348416291,0.20407239819003564,-11.08190045248869,4.475113122171948
138,Josiah Pickard Elementary School,ES,-0.4861253193089463,-0.9122645258971545,50.0,95.8,5.1,37.0,34.0,32.0,7.6035169992875895,Mid,Low,Mid-Low,90.6493983650225,37.0,-1.5339366515837085,1.2040723981900356,-14.181900452488689,-14.524886877828052
139,Julia Ward Howe Elementary School of Excellence,ES,1.128598816897769,0.6550802980897726,67.0,96.0,7.7,69.0,67.0,59.0,8.976074826578024,High,High,High-High,89.84109488380638,69.0,15.466063348416291,1.4040723981900385,-11.58190045248869,17.475113122171948
140,Langston Hughes Elementary School,ES,-2.3139779846584285,1.30355210385734,28.0,90.0,27.5,30.0,48.0,62.0,46.00586410087924,Low,High,Low-High,67.5208964820428,30.0,-23.53393665158371,-4.5959276018099615,8.218099547511311,-21.524886877828052
141,LaSalle Elementary Language Academy,ES,2.8544298216642896,-2.547131753886424,99.0,96.8,7.0,52.0,43.0,39.0,37.118752002115414,High,Low,High-Low,93.49683108294296,52.0,47.46606334841629,2.2040723981900356,-12.281900452488689,0.47511312217194757
142,LaSalle II Magnet Elementary School,ES,2.921620437541937,1.3996085356932182,66.0,95.1,5.6,52.0,79.0,83.0,14.275583483816446,High,High,High-High,91.59548084871865,52.0,14.466063348416291,0.5040723981900328,-13.681900452488689,0.47511312217194757
143,Laughlin Falconer Elementary School,ES,-0.4762837028750828,-1.6761470724975716,54.0,96.1,5.7,27.0,30.0,22.0,19.67552434564796,Mid,Low,Mid-Low,90.49324882887848,27.0,2.4660633484162915,1.5040723981900328,-13.58190045248869,-24.524886877828052
144,Lenart Elementary Regional Gifted Center,ES,5.417798894344681,-2.2917000136477617,79.0,97.4,0.3,67.0,63.0,50.0,22.675677127288292,High,Low,High-Low,97.86901809497566,67.0,27.46606334841629,2.804072398190044,-18.981900452488688,15.475113122171948
145,Leslie Lewis Elementary School,ES,-2.347422328494386,0.6002225462960576,21.0,91.8,37.7,64.0,48.0,30.0,36.39602593254595,Low,High,Low-High,57.674290438137234,64.0,-30.53393665158371,-2.7959276018099644,18.418099547511314,12.475113122171948
146,Little Village Elementary School,ES,0.4708170171188192,-0.0331430029323298,45.0,96.7,3.2,66.0,43.0,45.0,15.397320491332891,Mid,Mid,Mid-Mid,92.0180031229907,66.0,-6.5339366515837085,2.1040723981900413,-16.08190045248869,14.475113122171948
147,Lorenz Brentano Math & Science Academy Elementary School,ES,-1.2343561652523574,-1.7751278681825735,57.0,94.7,9.2,46.0,32.0,30.0,12.54758211565568,Low,Low,Low-Low,87.42536970698997,46.0,5.4660633484162915,0.10407239819004133,-10.08190045248869,-5.524886877828052
148,Lyman A Budlong Elementary School,ES,-0.0730298966308076,-1.6811591880370718,59.0,95.4,3.9,38.0,41.0,44.0,5.770785347470675,Mid,Low,Mid-Low,92.5415633324148,38.0,7.4660633484162915,0.8040723981900442,-15.381900452488688,-13.524886877828052
149,Mancel Talcott Elementary School,ES,1.4688180710443166,-0.0454993602212598,63.0,95.8,3.2,71.0,55.0,53.0,6.542917937326418,High,Mid,High-Mid,93.58868375126298,71.0,11.466063348416291,1.2040723981900356,-16.08190045248869,19.475113122171948
150,Mariano Azuela Elementary School,ES,1.0798130657472345,1.714326213235278,54.0,95.5,19.7,81.0,84.0,73.0,30.752338403581852,High,High,High-High,77.57876366308442,81.0,2.4660633484162915,0.9040723981900385,0.41809954751131073,29.475113122171948
151,Mark Sheridan Elementary Math & Science Academy,ES,3.3019869107522735,-0.1942802651959178,74.0,96.8,1.3,63.0,63.0,59.0,10.241781833130133,High,Mid,High-Mid,96.43611646918343,63.0,22.46606334841629,2.2040723981900356,-17.981900452488688,11.475113122171948
152,Mark Twain Elementary School,ES,1.760922020077356,0.7287230010028992,67.0,96.3,5.3,44.0,71.0,84.0,21.93676209858867,High,High,High-High,92.07311472398274,44.0,15.466063348416291,1.7040723981900356,-13.981900452488688,-7.524886877828052
153,Martin A Ryerson Elementary School,ES,-1.0808503551564366,0.7435282989520496,40.0,95.5,95.1,43.0,37.0,41.0,77.65091347751256,Low,High,Low-High,7.035914393313128,43.0,-11.533936651583709,0.9040723981900385,75.81809954751131,-8.524886877828052
154,Marvin Camras Elementary School,ES,0.5086704442572806,1.4155832755599456,54.0,95.1,4.3,41.0,88.0,83.0,22.228672254636145,Mid,High,Mid-High,91.68733351703867,41.0,2.4660633484162915,0.5040723981900328,-14.981900452488688,-10.524886877828052
155,Mary Mapes Dodge Elementary Renaissance Academy,ES,1.3419289401334888,1.5876386889064311,57.0,94.4,12.7,73.0,83.0,77.0,26.39707263970833,High,High,High-High,84.18297051529346,73.0,5.4660633484162915,-0.19592760180995583,-6.581900452488689,21.475113122171948
156,Mary McLeod Bethune Elementary School,ES,-1.474039799432051,0.0571733988073708,53.0,93.3,25.8,39.0,46.0,31.0,25.55236856945729,Low,Mid,Low-Mid,71.68182235693948,39.0,1.4660633484162915,-1.2959276018099644,6.518099547511312,-12.524886877828052
157,Matthew Gallistel Elementary Language Academy,ES,-0.4601474825087143,-0.6875481721076613,49.0,95.1,5.9,32.0,40.0,49.0,10.469886682863377,Mid,Low,Mid-Low,89.75842748231835,32.0,-2.5339366515837085,0.5040723981900328,-13.381900452488688,-19.524886877828052
158,Michael M Byrne Elementary School,ES,-0.3855282796796156,-0.1011646225507729,63.0,94.6,51.8,38.0,57.0,59.0,44.82465646972802,Mid,Mid,Mid-Mid,48.83806374575181,38.0,11.466063348416291,0.0040723981900328,32.51809954751131,-13.524886877828052
159,Mildred I Lavizzo Elementary School,ES,-2.6861212698233783,0.5943397229609518,15.0,91.5,39.1,46.0,30.0,39.0,30.20287012115943,Low,High,Low-High,55.80968127124093,46.0,-36.53393665158371,-3.0959276018099615,19.818099547511313,-5.524886877828052
160,Minnie Mars Jamieson Elementary School,ES,1.4553087644845433,-0.6343017246855959,64.0,95.7,8.1,66.0,41.0,55.0,5.728033555265485,High,Low,High-Low,89.17057040507026,66.0,12.466063348416291,1.1040723981900413,-11.181900452488689,14.475113122171948
161,Miriam G Canter Middle School,MS,-0.6958756126775816,0.5468726954235338,57.0,91.4,3.4,37.0,62.0,61.0,58.142958074569925,Mid,High,Mid-High,92.44971066409478,37.0,7.0,-3.6857142857142833,-2.6142857142857143,-8.142857142857146
162,Morton School of Excellence,ES,0.7731901612837686,4.157232579322639,53.0,93.6,73.9,63.0,95.0,86.0,93.32491944660525,High,High,High-High,27.52824469550841,63.0,1.4660633484162915,-0.9959276018099672,54.61809954751132,11.475113122171948
163,Mount Vernon Elementary School,ES,-2.6718559045935555,-0.5485521742659245,31.0,93.3,76.6,44.0,19.0,14.0,65.16606682116765,Low,Low,Low-Low,22.999908147331677,44.0,-20.53393665158371,-1.2959276018099644,57.31809954751131,-7.524886877828052
164,Myra Bradwell Communications Arts & Sciences Elementary School,ES,-2.3244209359082957,1.8270450505962097,31.0,92.1,75.9,50.0,54.0,52.0,53.50928930579231,Low,High,Low-High,23.53265362358777,50.0,-20.53393665158371,-2.495927601809967,56.61809954751132,-1.5248868778280524
165,Nathan Hale Elementary School,ES,0.744163442056277,1.0175546631757235,55.0,94.5,9.8,56.0,65.0,75.0,19.358243865297414,High,High,High-High,86.67217782676586,56.0,3.4660633484162915,-0.09592760180996152,-9.481900452488688,4.475113122171948
166,National Teachers Elementary Academy,ES,0.6863503108818181,0.2921580296937234,67.0,94.7,9.2,60.0,46.0,59.0,7.609234641197885,High,Mid,High-Mid,88.34389639019012,60.0,15.466063348416291,0.10407239819004133,-10.08190045248869,8.475113122171948
167,Newton Bateman Elementary School,ES,-0.3219599031351007,-1.9838249680053712,55.0,96.2,0.2,47.0,34.0,25.0,13.83891863845391,Mid,Low,Mid-Low,95.6461835216313,47.0,3.4660633484162915,1.6040723981900413,-19.08190045248869,-4.524886877828052
168,Nicholson Technology Academy,ES,-0.0149620459214509,0.1894578546210333,48.0,93.4,6.0,73.0,39.0,42.0,18.818886060624806,Mid,Mid,Mid-Mid,89.41857260953431,73.0,-3.5339366515837085,-1.1959276018099558,-13.281900452488689,21.475113122171948
169,North River Elementary School,ES,0.1096474963767868,-0.5288735439027528,67.0,95.6,20.1,51.0,47.0,47.0,11.093929637590573,Mid,Low,Mid-Low,78.41462294479655,51.0,15.466063348416291,1.0040723981900328,0.8180995475113129,-0.5248868778280524
170,Norwood Park Elementary School,ES,1.841931170857964,-3.2031022567251237,99.0,95.5,0.3,68.0,32.0,31.0,43.02273525313526,High,Low,High-Low,99.5315513915679,68.0,47.46606334841629,0.9040723981900385,-18.981900452488688,16.475113122171948
171,Ole A Thorp Elementary Scholastic Academy,ES,1.687713760795582,-1.0895642786354212,70.0,96.4,25.8,40.0,57.0,47.0,26.572273411332514,High,Low,High-Low,73.52806099017177,40.0,18.46606334841629,1.8040723981900442,6.518099547511312,-11.524886877828052
172,Oliver S Westcott Elementary School,ES,-1.5349299001583177,0.933110091970943,30.0,92.6,31.5,54.0,47.0,47.0,9.635634921721856,Low,High,Low-High,64.26931202351427,54.0,-21.53393665158371,-1.9959276018099672,12.218099547511311,2.4751131221719476
173,Oscar DePriest Elementary School,ES,-0.8518939142625201,0.9856139481871956,35.0,92.7,20.0,53.0,39.0,51.0,11.939899069945874,Mid,High,Mid-High,75.30081748874805,53.0,-16.53393665158371,-1.8959276018099587,0.7180995475113114,1.4751131221719476
174,Park Manor Elementary School,ES,-0.085379017680391,2.146050946625894,28.0,94.9,16.6,48.0,67.0,69.0,22.223595628395916,Mid,High,Mid-High,77.98291540369247,48.0,-23.53393665158371,0.30407239819004417,-2.681900452488687,-3.5248868778280524
175,Patrick Henry Elementary School,ES,0.098570264104683,0.5731381564309425,45.0,95.1,4.3,43.0,45.0,68.0,12.51341503119554,Mid,High,Mid-High,90.86065950215854,43.0,-6.5339366515837085,0.5040723981900328,-14.981900452488688,-8.524886877828052
176,Paul Cuffe Math-Science Technology Academy Elementary School,ES,-0.1192431677159552,1.5938273309651632,51.0,93.6,46.9,54.0,83.0,66.0,50.329781354213075,Mid,High,Mid-High,52.144759805272344,54.0,-0.5339366515837085,-0.9959276018099672,27.61809954751131,2.4751131221719476
177,Perkins Bass Elementary School,ES,-1.6171328159370746,1.007157369686835,28.0,92.1,28.9,57.0,42.0,52.0,12.548932297968394,Low,High,Low-High,66.42784972903463,57.0,-23.53393665158371,-2.495927601809967,9.61809954751131,5.475113122171948
178,Pershing West Middle School,MS,0.6839452360661992,0.3520233067401979,46.0,96.2,3.7,55.0,58.0,76.0,22.619529585722333,High,Mid,High-Mid,91.60466611555064,55.0,-4.0,1.1142857142857139,-2.314285714285714,9.857142857142854
179,Peter A Reinberg Elementary School,ES,0.3819767181739745,-0.2503555054831681,60.0,95.8,8.2,30.0,54.0,60.0,15.686456026365198,Mid,Mid,Mid-Mid,88.7204923303022,30.0,8.466063348416291,1.2040723981900356,-11.08190045248869,-21.524886877828052
180,Philip Rogers Elementary School,ES,2.727383115468184,0.3689830348566744,81.0,96.4,3.0,62.0,64.0,75.0,15.098134978191347,High,Mid,High-Mid,95.48084871865528,62.0,29.46606334841629,1.8040723981900442,-16.28190045248869,10.475113122171948
181,Pilsen Elementary Community Academy,ES,-0.7903138580316857,-1.7124786072095,43.0,96.0,9.4,55.0,37.0,16.0,23.317698167396816,Mid,Low,Mid-Low,86.07513548268577,55.0,-8.533936651583709,1.4040723981900385,-9.881900452488688,3.4751131221719476
182,Pulaski International Academy Elmentary School,ES,0.5240570929034423,-1.8620217861797328,68.0,96.1,1.7,57.0,23.0,26.0,33.33011794184165,Mid,Low,Mid-Low,95.45329291815928,57.0,16.46606334841629,1.5040723981900328,-17.58190045248869,5.475113122171948
183,Rachel Carson Elementary School,ES,-0.2969727323653658,-1.5167841613061903,38.0,97.6,3.9,56.0,36.0,26.0,29.585200861217693,Mid,Low,Mid-Low,90.81473316799853,56.0,-13.533936651583709,3.004072398190033,-15.381900452488688,4.475113122171948
184,Richard Edwards Elementary School,ES,-0.4590084133278007,-0.428204600746798,48.0,95.3,10.3,41.0,49.0,49.0,5.394662889794456,Mid,Mid,Mid-Mid,85.6434279415817,41.0,-3.5339366515837085,0.7040723981900356,-8.981900452488688,-10.524886877828052
185,Richard J Daley Elementary Academy,ES,-1.2200626145169835,0.7311513601155721,29.0,94.9,44.2,46.0,42.0,50.0,24.852223678980437,Low,High,Low-High,52.72343161568843,46.0,-22.53393665158371,0.30407239819004417,24.918099547511314,-5.524886877828052
186,Richard J Oglesby Elementary School,ES,-1.2336816916775764,-0.0272542627965653,44.0,94.4,25.4,49.0,32.0,43.0,17.046203289991833,Low,Mid,Low-Mid,71.3235969504914,49.0,-7.5339366515837085,-0.19592760180995583,6.11809954751131,-2.5248868778280524
187,Robert Fulton Elementary School,ES,-0.6342073562892996,0.266826358473483,46.0,95.1,10.1,63.0,39.0,53.0,10.84552321141376,Mid,Mid,Mid-Mid,85.62505740791771,63.0,-5.5339366515837085,0.5040723981900328,-9.181900452488689,11.475113122171948
188,Robert H Lawrence Elementary School,ES,-3.1860271571571332,-0.3688971048238179,19.0,90.7,14.0,51.0,30.0,35.0,37.72376151176203,Low,Mid,Low-Mid,79.15862955818866,51.0,-32.53393665158371,-3.8959276018099587,-5.281900452488689,-0.5248868778280524
189,Robert L Grimes Elementary School,ES,1.733911411521622,0.7108757930230722,79.0,95.2,5.0,59.0,71.0,72.0,14.445047441782927,High,High,High-High,93.34986681363094,59.0,27.46606334841629,0.6040723981900413,-14.281900452488689,7.475113122171948
190,Ronald Brown Elementary Community Academy,ES,-1.1834378726565358,0.557327897045883,31.0,93.8,35.6,33.0,45.0,48.0,22.396864567187798,Low,High,Low-High,60.70542849269772,33.0,-20.53393665158371,-0.7959276018099644,16.318099547511313,-18.524886877828052
191,Ronald E McNair Elementary School,ES,-3.338563965177541,-0.5046949926194205,31.0,90.7,52.8,59.0,20.0,32.0,47.2847428312431,Low,Low,Low-Low,44.62202626986314,59.0,-20.53393665158371,-3.8959276018099587,33.51809954751131,7.475113122171948
192,Rosario Castellanos Elementary School,ES,-2.331235697754787,-1.8282892749538144,36.0,96.3,24.3,20.0,31.0,17.0,38.61592541706958,Low,Low,Low-Low,71.7736750252595,20.0,-15.533936651583709,1.7040723981900356,5.018099547511312,-31.524886877828052
193,Roswell B Mason Elementary School,ES,-2.2033626719183164,-0.0364332075826302,37.0,92.4,31.0,58.0,36.0,50.0,15.2704541382979,Low,Mid,Low-Mid,65.35317350969045,58.0,-14.533936651583709,-2.195927601809956,11.718099547511311,6.475113122171948
194,Rufus M Hitch Elementary School,ES,1.5473954409758146,0.3807824599568395,64.0,95.1,3.7,58.0,70.0,65.0,9.482522401321573,High,Mid,High-Mid,93.1569762101589,58.0,12.466063348416291,0.5040723981900328,-15.58190045248869,6.475113122171948
195,Salmon P Chase Elementary School,ES,-1.1287793812656866,-1.7308660453469324,55.0,95.4,18.5,39.0,27.0,25.0,16.77554140645735,Low,Low,Low-Low,78.7636630844126,39.0,3.4660633484162915,0.8040723981900442,-0.7819004524886886,-12.524886877828052
196,Samuel Gompers Fine Arts Options Elementary School,ES,-1.2632752683943858,1.367824772580721,34.0,93.6,54.2,52.0,59.0,57.0,34.281556827651826,Low,High,Low-High,43.878019656471025,52.0,-17.53393665158371,-0.9959276018099672,34.91809954751132,0.47511312217194757
197,Scott Joplin Elementary School,ES,-1.185707198992282,0.1390869984462474,35.0,95.0,44.5,53.0,34.0,45.0,31.018612749213613,Low,Mid,Low-Mid,53.008174887480486,53.0,-16.53393665158371,0.4040723981900385,25.21809954751131,1.4751131221719476
198,Sidney Sawyer Elementary School,ES,-0.5021753890731041,-1.9815959978930324,57.0,96.8,7.4,39.0,29.0,24.0,17.458678208002524,Mid,Low,Mid-Low,89.27160834022229,39.0,5.4660633484162915,2.2040723981900356,-11.881900452488688,-12.524886877828052
199,South Loop Elementary School,ES,2.6749930696174062,-1.239769374977029,84.0,95.3,12.7,36.0,46.0,57.0,22.893369353160615,High,Low,High-Low,86.74565996142188,36.0,32.46606334841629,0.7040723981900356,-6.581900452488689,-15.524886877828052
200,Spencer Technology Academy,ES,-0.1017258152115939,1.943366508915853,35.0,92.5,24.1,71.0,56.0,66.0,34.59107898987437,Mid,High,Mid-High,71.51648755396344,71.0,-16.53393665158371,-2.0959276018099615,4.818099547511313,19.475113122171948
201,Stephen Decatur Classical Elementary School,ES,7.354102145713401,-0.0795137485218404,99.0,96.2,2.8,99.0,99.0,99.0,72.62422907864605,High,Mid,High-Mid,97.29953155139157,99.0,47.46606334841629,1.6040723981900413,-16.481900452488688,47.47511312217195
202,Stephen F Gale Elementary Community Academy,ES,-2.6481603334401034,-0.5811589639445548,39.0,92.1,34.8,27.0,29.0,33.0,24.51758240640192,Low,Low,Low-Low,62.01892164967392,27.0,-12.533936651583709,-2.495927601809967,15.518099547511309,-24.524886877828052
203,Stephen K Hayt Elementary School,ES,0.5867254442745019,0.2063604815789197,72.0,95.6,55.6,44.0,66.0,48.0,55.747437422184596,Mid,Mid,Mid-Mid,46.2661890327914,44.0,20.46606334841629,1.0040723981900328,36.31809954751131,-7.524886877828052
204,Talman Elementary School,ES,3.5434979030980154,1.7352883822247007,99.0,96.2,9.2,99.0,81.0,85.0,59.85450298853714,High,High,High-High,91.42096077891063,99.0,47.46606334841629,1.6040723981900413,-10.08190045248869,47.47511312217195
205,Telpochcalli Elementary School,ES,-0.0037647317824096,1.4079836655846536,42.0,95.4,2.7,22.0,69.0,82.0,42.41041739844382,Mid,High,Mid-High,92.08229999081473,22.0,-9.533936651583709,0.8040723981900442,-16.58190045248869,-29.524886877828052
206,Thomas Chalmers Specialty Elementary School,ES,0.0379642335372973,2.3368296172791885,34.0,94.4,3.4,45.0,78.0,88.0,32.53417657371047,Mid,High,Mid-High,90.6126572976945,45.0,-17.53393665158371,-0.19592760180995583,-15.881900452488688,-6.524886877828052
207,Thomas Hoyne Elementary School,ES,1.524517474052688,0.927157745698294,67.0,94.8,0.0,73.0,66.0,67.0,15.424273548874373,High,High,High-High,96.8035271424635,73.0,15.466063348416291,0.20407239819003564,-19.28190045248869,21.475113122171948
208,Turner-Drew Elementary Language Academy,ES,1.2529785808950271,0.9959435546868424,56.0,95.8,24.0,51.0,66.0,75.0,22.748948283382102,High,High,High-High,73.84036006245982,51.0,4.4660633484162915,1.2040723981900356,4.718099547511311,-0.5248868778280524
209,Uplift Community High School,HS,-1.02948397570161,1.0651806751755537,50.0,88.7,8.1,62.0,53.0,48.0,72.71372247169397,Low,High,Low-High,87.24166437034995,62.0,-22.5,-2.950000000000003,3.45,-2.5
210,Victor Herbert Elementary School,ES,0.2431537139902812,0.6055101185087299,50.0,92.8,10.3,72.0,50.0,48.0,22.44621393856408,Mid,High,Mid-High,85.5975016074217,72.0,-1.5339366515837085,-1.7959276018099644,-8.981900452488688,20.475113122171948
211,Virgil Grissom Elementary School,ES,1.2148603311114772,0.8016610636702375,62.0,95.5,2.5,64.0,87.0,69.0,21.9652575014387,High,High,High-High,94.11224396068705,64.0,10.466063348416291,0.9040723981900385,-16.78190045248869,12.475113122171948
212,Walter L Newberry Math & Science Academy Elementary School,ES,2.1919900757647524,-1.1046345903099362,71.0,95.1,2.1,66.0,44.0,41.0,11.58682577122191,High,Low,High-Low,95.26958758151925,66.0,19.46606334841629,0.5040723981900328,-17.181900452488687,14.475113122171948
213,Walter Q Gresham Elementary School,ES,-1.2648015881375982,1.272019945848757,25.0,95.5,35.4,11.0,57.0,68.0,65.10300784768526,Low,High,Low-High,60.49416735556168,11.0,-26.53393665158371,0.9040723981900385,16.11809954751131,-40.52488687782805
214,Wendell Smith Elementary School,ES,-4.42051776957539,-0.2464908216509307,22.0,92.1,90.0,1.0,29.0,31.0,94.38359475700244,Low,Mid,Low-Mid,9.754753375585565,1.0,-29.53393665158371,-2.495927601809967,70.71809954751131,-50.52488687782805
215,West Pullman Elementary School,ES,-2.132267997604331,0.6949141179217222,23.0,91.2,7.6,47.0,50.0,57.0,35.108188323712284,Low,High,Low-High,85.45053733810968,47.0,-28.53393665158371,-3.3959276018099587,-11.681900452488689,-4.524886877828052
216,Whitney M Young Magnet High School,HS,4.406228202037785,-3.289852067590913,95.0,94.6,1.2,67.0,46.0,52.0,29.53885055219066,High,Low,High-Low,98.25479930191973,67.0,22.5,2.9499999999999886,-3.4499999999999993,2.5
217,Wildwood Elementary School,ES,2.910629894596003,-1.4421245320728646,99.0,96.2,1.0,67.0,45.0,55.0,28.236282772040415,High,Low,High-Low,98.95287958115182,67.0,47.46606334841629,1.6040723981900413,-18.28190045248869,15.475113122171948
218,Willa Cather Elementary School,ES,2.434674471930005,2.4089615779854787,69.0,94.9,29.5,81.0,83.0,62.0,39.36152977936698,High,High,High-High,69.89988059153119,81.0,17.46606334841629,0.30407239819004417,10.218099547511311,29.475113122171948
219,William Bishop Owen Scholastic Academy Elementary School,ES,1.19827491627834,-0.6718199071205666,49.0,96.9,1.2,56.0,47.0,51.0,13.498879871500671,High,Low,High-Low,94.24083769633508,56.0,-2.5339366515837085,2.304072398190044,-18.08190045248869,4.475113122171948
220,William C Goudy Elementary School,ES,1.9309295749954865,0.1158212882033976,70.0,96.1,6.0,61.0,52.0,65.0,8.593505041404065,High,Mid,High-Mid,91.68733351703867,61.0,18.46606334841629,1.5040723981900328,-13.281900452488689,9.475113122171948
221,William C Reavis Math & Science Specialty Elementary School,ES,-2.8310512161226504,-1.995922145530276,48.0,93.5,37.2,26.0,15.0,10.0,50.08358985868183,Low,Low,Low-Low,60.76972536052172,26.0,-3.5339366515837085,-1.0959276018099615,17.918099547511314,-25.524886877828052
222,William E Dever Elementary School,ES,1.5393237465109932,-1.116837901155003,67.0,95.5,2.1,78.0,36.0,37.0,23.878827566934017,High,Low,High-Low,94.93891797556718,78.0,15.466063348416291,0.9040723981900385,-17.181900452488687,26.475113122171948
223,William F Finkl Elementary School,ES,0.2481449281823285,-0.064335129435907,56.0,95.2,6.7,52.0,56.0,41.0,3.6219547157171483,Mid,Mid,Mid-Mid,89.67576008083033,52.0,4.4660633484162915,0.6040723981900413,-12.58190045248869,0.47511312217194757
224,William H Brown Elementary School,ES,-0.6396384590810121,2.9821921572381593,36.0,92.8,59.0,78.0,73.0,74.0,71.37994218898963,Mid,High,Mid-High,39.57931477909433,78.0,-15.533936651583709,-1.7959276018099644,39.718099547511315,26.475113122171948
225,William H Seward Communication Arts Academy Elementary School,ES,-0.4841261824240719,0.556914398062023,40.0,95.7,14.4,41.0,63.0,66.0,13.120795058449039,Mid,High,Mid-High,81.17938826122898,41.0,-11.533936651583709,1.1040723981900413,-4.881900452488688,-10.524886877828052
226,William J & Charles H Mayo Elementary School,ES,-0.1677482802536742,0.4416646947235604,52.0,95.3,26.0,65.0,47.0,52.0,14.178682255837977,Mid,Mid,Mid-Mid,71.58996968861946,65.0,0.4660633484162915,0.7040723981900356,6.718099547511311,13.475113122171948
227,William J Onahan Elementary School,ES,0.3781032228083903,-1.9747108648793443,64.0,95.7,6.9,27.0,39.0,32.0,23.266687751422698,Mid,Low,Mid-Low,90.27280242491044,27.0,12.466063348416291,1.1040723981900413,-12.381900452488688,-24.524886877828052
228,William K New Sullivan Elementary School,ES,-2.615517105874058,0.6963275367742985,27.0,90.3,27.3,40.0,33.0,58.0,38.78202961025008,Low,High,Low-High,67.64030495085883,40.0,-24.53393665158371,-4.295927601809964,8.018099547511312,-11.524886877828052
229,William W Carter Elementary School,ES,-2.458796717285346,1.3805929061533555,13.0,91.2,27.0,35.0,62.0,56.0,42.702539074907904,Low,High,Low-High,66.71259300082667,35.0,-38.53393665158371,-3.3959276018099587,7.718099547511311,-16.524886877828052
