school,level,lat,lon,attendance,safety,misconduct,cluster,outlier_score,behavior_score,academic_score,safety_dev,misconduct_dev,attendance_dev,instr_dev
Abraham Lincoln Elementary School,ES,41.92449696,-87.64452163,96.0,99.0,2.0,High-Low,26.406791722489537,98.01598236428767,66.0,47.46606334841629,-17.28190045248869,1.4040723981900385,14.475113122171948
Adam Clayton Powell Paideia Community Academy Elementary School,ES,41.76032435,-87.55673627,95.6,54.0,15.7,High-High,27.165204641051893,81.262055662717,84.0,2.4660633484162915,-3.5819004524886893,1.0040723981900328,32.47511312217195
Adlai E Stevenson Elementary School,ES,41.74711093,-87.73170248,95.7,61.0,2.3,,,,,,,,
Agustin Lara Elementary Academy,ES,41.8097569,-87.6721446,95.5,56.0,10.4,Mid-High,9.854461105944264,86.30476715348581,37.0,4.4660633484162915,-8.881900452488688,0.9040723981900385,-14.524886877828052
Air Force Academy High School,HS,41.82814609,-87.63279369,93.3,49.0,15.6,,,,,,,,
Albany Park Multicultural Academy,MS,41.9711433,-87.70962725,97.0,66.0,2.3,High-Low,12.244145962244762,94.80113897308715,71.0,16.0,-3.7142857142857144,1.914285714285711,25.857142857142854
Albert G Lane Technical High School,HS,41.94661693,-87.69105603,96.3,88.0,2.1,,,,,,,,
Albert R Sabin Elementary Magnet School,ES,41.90684338,-87.68304259,94.7,67.0,28.1,,,,,,,,
Alcott High School for the Humanities,HS,41.93576106,-87.68052441,92.7,70.0,7.1,,,,,,,,
Alessandro Volta Elementary School,ES,41.97160605,-87.72464139,96.4,43.0,22.5,Mid-Mid,19.685230155260392,74.07917700009185,37.0,-8.533936651583709,3.2180995475113114,1.8040723981900442,-14.524886877828052
Alexander Graham Bell Elementary School,ES,41.94952795,-87.68605496,96.3,99.0,6.3,High-Low,27.43008962518672,94.09387342702306,46.0,47.46606334841629,-12.981900452488688,1.7040723981900356,-5.524886877828052
Alexander Graham Elementary School,ES,41.81329195,-87.64338051,92.5,49.0,27.4,Low-Mid,27.306533920220193,69.77128685588316,33.0,-2.5339366515837085,8.11809954751131,-2.0959276018099615,-18.524886877828052
Alexander Hamilton Elementary School,ES,41.94524725,-87.67085683,95.3,73.0,12.5,High-Mid,8.111279536939866,85.91898594654175,59.0,21.46606334841629,-6.781900452488689,0.7040723981900356,7.475113122171948
Alexander von Humboldt Elementary School,ES,41.90672216,-87.69300325,92.5,31.0,185.5,,,,,,,,
Alex Haley Elementary Academy,ES,41.68663682,-87.63359476,94.9,28.0,2.9,,,,,,,,
Alfred David Kohn Elementary School,ES,41.70485072,-87.62360199,90.1,19.0,31.2,Low-Low,69.2755569508889,63.30485900615413,13.0,-32.53393665158371,11.91809954751131,-4.495927601809967,-38.52488687782805
Alfred Nobel Elementary School,ES,41.90612797,-87.72993324,94.6,37.0,24.8,Low-Mid,20.35886471767475,71.2501148158354,35.0,-14.533936651583709,5.518099547511312,0.0040723981900328,-16.524886877828052
Alice L Barnard Computer Math & Science Center Elementary School,ES,41.70514024,-87.65811642,95.6,46.0,28.5,,,,,,,,
Al Raby High School,HS,41.886183,-87.71539705,80.3,52.0,14.0,,,,,,,,
Ambrose Plamondon Elementary School,ES,41.86028668,-87.69250468,96.9,45.0,0.6,,,,,,,,
Amelia Earhart Options for Knowledge Elementary School,ES,41.72613498,-87.58217727,96.3,81.0,33.4,High-Low,49.40224108929818,67.54845228253882,73.0,29.46606334841629,14.11809954751131,1.7040723981900356,21.475113122171948
Ames Middle School,MS,41.91605519,-87.72177945,94.3,38.0,5.3,Low-Low,16.48986129324889,89.22568200606229,35.0,-12.0,-0.7142857142857144,-0.7857142857142918,-10.142857142857146
Amos Alonzo Stagg Elementary School,ES,41.75892669,-87.6492534,91.4,23.0,34.3,Low-Mid,32.55065393286246,60.944245430329744,42.0,-28.53393665158371,15.018099547511309,-3.195927601809956,-9.524886877828052
Ana Roque de Duprey Elementary School,ES,41.90672216,-87.69300325,95.4,57.0,77.5,,,,,,,,
Andrew Carnegie Elementary School,ES,41.78339577,-87.59079649,94.6,48.0,6.2,Mid-Low,15.569433680966075,89.34509047487829,63.0,-3.5339366515837085,-13.08190045248869,0.0040723981900328,11.475113122171948
Andrew Jackson Elementary Language Academy,ES,41.87432724,-87.66097599,97.4,86.0,0.7,,,,,,,,
Anna R. Langford Community Academy,ES,41.78465652,-87.6572053,91.8,31.0,29.0,Low-High,30.144028740491002,66.58399926517866,32.0,-20.53393665158371,9.718099547511311,-2.7959276018099644,-19.524886877828052
Annie Keller Elementary Gifted Magnet School,ES,41.69719792,-87.6972638,97.5,99.0,4.9,High-Mid,54.3331877269899,95.49003398548727,82.0,47.46606334841629,-14.381900452488688,2.9040723981900385,30.475113122171948
A.N. Pritzker School,ES,41.907025,-87.67779555,94.6,59.0,36.5,,,,,,,,
Anthony Overton Elementary School,ES,41.80557578,-87.62012252,90.5,32.0,24.9,,,,,,,,
Ariel Elementary Community Academy,ES,41.81133445,-87.5985003,95.5,,5.4,,,,,,,,
Arna Wendell Bontemps Elementary School,ES,41.78857298,-87.65634499,94.2,33.0,31.2,,,,,,,,
Arnold Mireles Elementary Academy,ES,41.73168217,-87.55282373,92.8,27.0,11.8,,,,,,,,
Arthur A Libby Elementary School,ES,41.79764784,-87.65996858,90.8,36.0,21.6,,,,,,,,
Arthur Dixon Elementary School,ES,41.74365776,-87.61001515,94.8,47.0,32.2,,,,,,,,
Arthur E Canty Elementary School,ES,41.94799245,-87.8293319,96.1,87.0,2.3,High-Low,17.292377267452576,96.64737760631947,64.0,35.46606334841629,-16.981900452488688,1.5040723981900328,12.475113122171948
Arthur R Ashe Elementary School,ES,41.74015307,-87.60113659,87.9,,41.6,,,,,,,,
Asa Philip Randolph Elementary School,ES,41.76059741,-87.67600175,92.1,15.0,43.5,,,,,,,,
Ashburn Community Elementary School,ES,41.74233179,-87.70964592,95.5,48.0,28.5,Mid-High,20.40679004613433,68.94461284100302,40.0,-3.5339366515837085,9.218099547511311,0.9040723981900385,-11.524886877828052
Augustus H Burley Elementary School,ES,41.93796493,-87.66985204,96.5,99.0,0.7,,,,,,,,
Austin Business and Entrepreneurship Academy High School,HS,41.88520477,-87.76321191,76.0,38.0,12.4,,,,,,,,
Austin O Sexton Elementary School,ES,41.78517099,-87.60866927,90.5,23.0,8.6,,,,,,,,
Austin Polytechnical Academy High School,HS,41.88520477,-87.76321191,70.1,38.0,21.5,,,,,,,,
Avalon Park Elementary School,ES,41.74826636,-87.59161761,92.1,32.0,52.1,Low-Mid,33.02848392298047,45.485441352071284,32.0,-19.53393665158371,32.81809954751131,-2.495927601809967,-19.524886877828052
Barbara Vick Early Childhood & Family Center,ES,41.68821843,-87.6856634,60.9,,0.0,,,,,,,,
Belmont-Cragin Elementary School,ES,41.92559567,-87.76984337,95.3,75.0,1.3,High-Mid,12.322788369092255,96.39019013502342,66.0,23.46606334841629,-17.981900452488688,0.7040723981900356,14.475113122171948
Benito Juarez Community Academy High School,HS,41.85267306,-87.66376931,83.7,46.0,17.2,,,,,,,,
Benjamin Banneker Elementary School,ES,41.77275433,-87.63729464,91.3,36.0,26.9,,,,,,,,
Benjamin E Mays Elementary Academy,ES,41.77256081,-87.64612737,95.5,27.0,0.3,Mid-Low,29.728350832752298,92.91815927252686,48.0,-24.53393665158371,-18.981900452488688,0.9040723981900385,-3.5248868778280524
Bernhard Moos Elementary School,ES,41.9125311,-87.69690545,93.0,50.0,45.5,Low-Mid,28.288565952644547,53.283732892440526,32.0,-1.5339366515837085,26.21809954751131,-1.5959276018099615,-19.524886877828052
Betsy Ross Elementary School,ES,41.78383382,-87.62365383,88.9,39.0,64.1,,,,,,,,
Beulah Shoesmith Elementary School,ES,41.80432122,-87.59392226,94.7,45.0,0.3,Mid-Low,11.558643377176546,94.49802516763111,39.0,-6.5339366515837085,-18.981900452488688,0.10407239819004133,-12.524886877828052
Blair Early Childhood Center,ES,41.77652935,-87.79056836,80.2,,0.8,,,,,,,,
Bret Harte Elementary School,ES,41.7934746,-87.58686328,94.2,63.0,17.9,,,,,,,,
Brian Piccolo Elementary Specialty School,ES,41.9001461,-87.73129753,90.6,27.0,65.8,,,,,,,,
Brighton Park Elementary School,ES,41.82391375,-87.69204069,96.3,55.0,2.6,,,,,,,,
Bronzeville Scholastic Academy High School,HS,41.80456384,-87.62448408,92.3,41.0,16.2,,,,,,,,
Burnham Elementary Inclusive Academy,ES,41.72050221,-87.57759489,95.5,61.0,29.4,High-High,55.15255914488617,69.3120235142831,99.0,9.466063348416291,10.11809954751131,0.9040723981900385,47.47511312217195
Burnside Elementary Scholastic Academy,ES,41.72850759,-87.60747108,94.9,51.0,8.9,,,,,,,,
Calmeca Academy of Fine Arts and Dual Language,ES,41.82440547,-87.71160875,96.5,58.0,1.9,High-High,14.556233741620922,94.38780196564709,72.0,6.4660633484162915,-17.38190045248869,1.9040723981900385,20.475113122171948
Carl Schurz High School,HS,41.94640794,-87.73562542,81.2,48.0,13.8,,,,,,,,
Carl von Linne Elementary School,ES,41.94001885,-87.70259825,95.8,68.0,1.8,High-Low,13.220952314720988,95.33388444934326,75.0,16.46606334841629,-17.481900452488688,1.2040723981900356,23.475113122171948
Carrie Jacobs Bond Elementary School,ES,41.76538639,-87.65305514,91.7,54.0,18.8,Low-Mid,30.2988764118339,78.05639753834848,63.0,2.4660633484162915,-0.48190045248868785,-2.8959276018099587,11.475113122171948
Carroll-Rosenwald Specialty Elementary School,ES,41.74248931,-87.696003,94.8,35.0,27.8,,,,,,,,
Carter G Woodson South Elementary School,ES,41.81447955,-87.60845505,91.9,26.0,70.5,Low-Mid,78.06912536519276,28.01506383760448,1.0,-25.53393665158371,51.218099547511315,-2.695927601809956,-50.52488687782805
Cesar E Chavez Multicultural Academic Center Elementary School,ES,41.80715514,-87.66600055,95.1,54.0,11.1,Mid-High,4.5956302738427635,85.44135207127768,52.0,2.4660633484162915,-8.181900452488689,0.5040723981900328,0.47511312217194757
Charles Allen Prosser Career Academy High School,HS,41.92003613,-87.76108432,86.0,59.0,9.7,,,,,,,,
Charles Evans Hughes Elementary School,ES,41.86049033,-87.73177486,94.4,42.0,0.0,,,,,,,,
Charles Gates Dawes Elementary School,ES,41.74510467,-87.71738613,95.7,44.0,35.6,Mid-Mid,30.17900378404751,62.07403325066593,30.0,-7.5339366515837085,16.318099547511313,1.1040723981900413,-21.524886877828052
Charles G Hammond Elementary School,ES,41.85269133,-87.69627777,95.3,40.0,8.5,,,,,,,,
Charles H Wacker Elementary School,ES,41.7162148,-87.6480814,93.4,32.0,11.5,,,,,,,,
Charles Kozminski Elementary Community Academy,ES,41.7980295,-87.60246287,92.0,36.0,55.6,,,,,,,,
Charles N Holden Elementary School,ES,41.83805473,-87.65380002,94.9,53.0,4.7,Mid-Mid,8.257279465618101,91.20969964177459,35.0,1.4660633484162915,-14.58190045248869,0.30407239819004417,-16.524886877828052
Charles P Caldwell Academy of Math & Science Elementary School,ES,41.73922735,-87.58076569,92.7,25.0,30.7,Low-Mid,24.792424214235545,64.55405529530633,44.0,-26.53393665158371,11.41809954751131,-1.8959276018099587,-7.524886877828052
Charles P Steinmetz Academic Centre High School,HS,41.93563171,-87.78355194,79.2,26.0,30.4,,,,,,,,
Charles R Darwin Elementary School,ES,41.92334998,-87.70543099,95.6,58.0,33.8,Low-Low,36.85038482256079,65.0041333700744,34.0,6.4660633484162915,14.518099547511309,1.0040723981900328,-17.524886877828052
Charles R Henderson Elementary School,ES,41.79061716,-87.67192466,89.2,16.0,80.6,,,,,,,,
Charles S Brownell Elementary School,ES,41.77163474,-87.62170972,92.8,20.0,14.1,Low-Low,71.70925991361356,79.35152016166069,82.0,-31.53393665158371,-5.181900452488689,-1.7959276018099644,30.475113122171948
Charles S Deneen Elementary School,ES,41.76250359,-87.62338156,93.8,55.0,39.5,Low-Mid,49.88954446685937,59.3276384678975,51.0,3.4660633484162915,20.21809954751131,-0.7959276018099644,-0.5248868778280524
Charles Sumner  Math & Science Community Acad Elementary School,ES,41.87084922,-87.73355414,93.9,41.0,12.3,Low-Low,15.674255010411645,83.03481216129327,48.0,-10.533936651583709,-6.981900452488688,-0.6959276018099558,-3.5248868778280524
Charles W Earle Elementary School,ES,41.78230211,-87.66777712,93.8,24.0,16.9,,,,,,,,
Chicago Academy Elementary School,ES,41.94215439,-87.77650575,96.3,66.0,6.0,,,,,,,,
Chicago Academy High School,HS,41.94215439,-87.77650575,93.1,58.0,6.3,,,,,,,,
Chicago High School for Agricultural Sciences,HS,41.69119388,-87.71773863,92.8,87.0,5.2,,,,,,,,
Chicago Military Academy High School,HS,41.83053768,-87.61917837,90.3,32.0,28.2,,,,,,,,
Chicago Vocational Career Academy High School,HS,41.73720173,-87.57324389,68.8,27.0,33.3,,,,,,,,
Christian Ebinger Elementary School,ES,42.00443557,-87.81116435,95.9,78.0,9.3,High-Low,38.098485222813395,89.37264627537431,50.0,26.46606334841629,-9.981900452488688,1.3040723981900442,-1.5248868778280524
Christian Fenger Academy High School,HS,41.68993885,-87.63760833,74.4,36.0,49.8,,,,,,,,
Christopher Columbus Elementary School,ES,41.89958139,-87.68190167,95.5,66.0,2.4,,,,,,,,
Clara Barton Elementary School,ES,41.75421962,-87.67096453,91.7,25.0,25.3,Low-High,48.03183754601724,69.4222467162671,34.0,-26.53393665158371,6.018099547511312,-2.8959276018099587,-17.524886877828052
Claremont Academy Elementary School,ES,41.77753754,-87.68108634,92.5,36.0,64.2,Low-High,45.34169270707164,34.77542022595757,51.0,-15.533936651583709,44.91809954751132,-2.0959276018099615,-0.5248868778280524
Collins Academy High School,HS,41.86416169,-87.70200761,91.4,60.0,2.9,,,,,,,,
Columbia Explorers Elementary Academy,ES,41.81105689,-87.70423481,95.4,59.0,8.9,High-High,11.240490967651777,87.94892991641406,63.0,7.4660633484162915,-10.381900452488688,0.8040723981900442,11.475113122171948
Countee Cullen Elementary School,ES,41.70036107,-87.61128176,94.1,14.0,36.9,,,,,,,,
Crispus Attucks Elementary School,ES,41.80214349,-87.6257474,95.2,45.0,12.5,Mid-High,22.06657449825577,83.33792596674932,57.0,-6.5339366515837085,-6.781900452488689,0.6040723981900413,5.475113122171948
Crown Community Academy of Fine Arts Center Elementary School,ES,41.85266155,-87.7125068,92.5,27.0,100.5,Low-High,70.97885887694886,0.6062276109120991,52.0,-24.53393665158371,81.21809954751131,-2.0959276018099615,0.47511312217194757
Cyrus H McCormick Elementary School,ES,41.84224508,-87.706336,95.9,,4.7,,,,,,,,
Daniel Boone Elementary School,ES,42.00343519,-87.69750011,95.5,52.0,10.5,High-Mid,1.5578767132407776,85.84550381188573,48.0,0.4660633484162915,-8.781900452488689,0.9040723981900385,-3.5248868778280524
Daniel C Beard Elementary School,ES,41.97009738,-87.78963691,91.9,,0.0,,,,,,,,
Daniel Hale Williams Prep School of Medicine,HS,41.80456384,-87.62448408,91.3,50.0,5.4,,,,,,,,
Daniel J Corkery Elementary School,ES,41.84559878,-87.73122946,94.7,39.0,18.1,,,,,,,,
Daniel R Cameron Elementary School,ES,41.90378521,-87.71796315,92.6,42.0,153.9,,,,,,,,
Daniel S Wentworth Elementary School,ES,41.76728177,-87.64825544,91.6,30.0,73.8,Low-High,47.48979361211363,25.323780655828052,36.0,-21.53393665158371,54.51809954751131,-2.995927601809967,-15.524886877828052
Daniel Webster Elementary School,ES,41.86988904,-87.72748159,94.8,48.0,5.7,High-Mid,9.636502280833,89.82272435014238,66.0,-3.5339366515837085,-13.58190045248869,0.20407239819003564,14.475113122171948
David G Farragut Career Academy High School,HS,41.8485793,-87.70866954,86.1,43.0,18.6,,,,,,,,
DeVry University Advantage Academy High School,HS,41.94142629,-87.6907993,96.7,,0.0,,,,,,,,
Dewey Elementary Academy of Fine Arts,ES,41.7956493,-87.642615,90.7,41.0,26.3,,,,,,,,
DeWitt Clinton Elementary School,ES,41.99256421,-87.69839748,95.3,47.0,14.8,Mid-Low,10.657964824620475,81.41820519886103,52.0,-4.5339366515837085,-4.481900452488688,0.7040723981900356,0.47511312217194757
Disney II Magnet School,ES,41.95048055,-87.73060545,97.3,,0.0,,,,,,,,
Donald Morrill Math & Science Elementary School,ES,41.78428993,-87.68851192,93.4,28.0,19.6,Low-Low,21.605777321006986,75.089556351612,39.0,-23.53393665158371,0.31809954751131286,-1.1959276018099558,-12.524886877828052
Douglas Taylor Elementary School,ES,41.71544589,-87.5330074,95.1,34.0,16.6,,,,,,,,
Dr Jorge Prieto Math and Science,ES,41.92131717,-87.7657438,94.7,,7.0,,,,,,,,
Dr  Martin Luther King  Jr  College Prep High School,HS,41.81369471,-87.60383761,92.9,,4.4,,,,,,,,
Dumas Technology Academy,ES,41.77350389,-87.60105531,92.5,19.0,38.4,,,,,,,,
Dunne Technology Academy,ES,41.69651565,-87.63993763,94.6,46.0,22.8,High-High,22.37338868769398,73.91384219711583,71.0,-5.5339366515837085,3.518099547511312,0.0040723981900328,19.475113122171948
Durkin Park Elementary School,ES,41.73886352,-87.72991927,95.4,61.0,0.7,High-High,20.320881335297507,95.6645540552953,58.0,9.466063348416291,-18.58190045248869,0.8040723981900442,6.475113122171948
Dvorak Technology Academy,ES,41.85885599,-87.71574626,94.2,46.0,4.4,Low-Low,67.28179414478468,90.77799210067052,69.0,-5.5339366515837085,-14.881900452488688,-0.3959276018099587,17.475113122171948
Dyett High School,HS,41.80204982,-87.61192836,62.5,27.0,24.4,,,,,,,,
Edgar Allan Poe Elementary Classical School,ES,41.70261965,-87.60645552,97.6,99.0,0.0,High-Low,67.59195904091781,100.0,88.0,47.46606334841629,-19.28190045248869,3.004072398190033,36.47511312217195
Edgebrook Elementary School,ES,41.99946016,-87.7618211,96.9,99.0,3.4,High-Low,27.729833135840504,96.81271240929549,53.0,47.46606334841629,-15.881900452488688,2.304072398190044,1.4751131221719476
Edison Park Elementary School,ES,41.99422812,-87.81380814,96.1,95.0,6.9,,,,,,,,
Edmond Burke Elementary School,ES,41.79679285,-87.61617809,89.3,1.0,82.0,,,,,,,,
Edward A Bouchet Math & Science Academy Elementary School,ES,41.76086093,-87.57603849,92.9,33.0,28.0,Low-High,21.528392827381104,67.78726922017084,50.0,-18.53393665158371,8.718099547511311,-1.6959276018099558,-1.5248868778280524
Edward Beasley Elementary Magnet Academic Center,ES,41.79847228,-87.62565509,95.0,47.0,10.3,,,,,,,,
Edward C Delano Elementary School,ES,41.87877166,-87.72464875,93.4,38.0,20.3,Mid-High,34.8128504161261,75.36511435657206,52.0,-13.533936651583709,1.0180995475113122,-1.1959276018099558,0.47511312217194757
Edward Coles Elementary Language Academy,ES,41.74142687,-87.56593332,95.1,22.0,24.9,Mid-High,31.027896757485546,69.82639845687517,54.0,-29.53393665158371,5.61809954751131,0.5040723981900328,2.4751131221719476
Edward Everett Elementary School,ES,41.83154196,-87.68127322,95.3,,2.4,,,,,,,,
Edward Jenner Elementary Academy of the Arts,ES,41.90205805,-87.64101894,88.9,50.0,16.0,Low-Mid,61.971220633057236,80.0036741067328,41.0,-1.5339366515837085,-3.2819004524886886,-5.695927601809956,-10.524886877828052
Edward K Ellington Elementary School,ES,41.885506,-87.76655157,93.3,30.0,17.4,,,,,,,,
Edward N Hurley Elementary School,ES,41.7667583,-87.71950804,95.4,77.0,12.2,Mid-Mid,14.199408437287753,86.57113989161385,49.0,25.46606334841629,-7.081900452488689,0.8040723981900442,-2.5248868778280524
Edward Tilden Career Community Academy High School,HS,41.80751207,-87.64292985,78.4,34.0,13.0,,,,,,,,
Edward White Elementary Career Academy,ES,41.67233661,-87.65055321,93.8,27.0,31.0,,,,,,,,
Edwin G Foreman High School,HS,41.93981043,-87.7541302,84.3,26.0,10.3,,,,,,,,
Elaine O Goodlow Elementary Magnet School,ES,41.78125258,-87.67555599,91.6,44.0,47.5,Low-Mid,35.80468580250085,50.766969780472124,56.0,-7.5339366515837085,28.21809954751131,-2.995927601809967,4.475113122171948
Elihu Yale Elementary School,ES,41.76644232,-87.63209571,89.7,29.0,67.2,,,,,,,,
Eli Whitney Elementary School,ES,41.84006197,-87.7255084,95.8,44.0,11.6,,,,,,,,
Elizabeth H Sutherland Elementary School,ES,41.71142687,-87.67678398,95.6,86.0,6.8,,,,,,,,
Elizabeth Peabody Elementary School,ES,41.89986912,-87.66419014,95.2,51.0,7.6,Mid-Mid,7.3459922844646215,88.38982272435013,61.0,-0.5339366515837085,-11.681900452488689,0.6040723981900413,9.475113122171948
Eliza Chappell Elementary School,ES,41.975867,-87.68325438,95.1,70.0,2.9,High-Mid,6.161330716579673,94.4429135666391,51.0,18.46606334841629,-16.38190045248869,0.5040723981900328,-0.5248868778280524
Ella Flagg Young Elementary School,ES,41.90678358,-87.76717934,94.3,31.0,3.0,,,,,,,,
Ellen H Richards Career Academy High School,HS,41.80285552,-87.66224052,90.6,30.0,17.3,,,,,,,,
Ellen Mitchell Elementary School,ES,41.89205482,-87.68317867,95.5,99.0,12.2,High-High,57.53305283389298,88.60108386148617,95.0,47.46606334841629,-7.081900452488689,0.9040723981900385,43.47511312217195
Emil G Hirsch Metropolitan High School,HS,41.7537612,-87.60176452,84.8,13.0,47.1,,,,,,,,
Emiliano Zapata Elementary Academy,ES,41.84139181,-87.73434997,96.6,60.0,2.8,High-High,22.012526678003116,93.75401855423901,42.0,8.466063348416291,-16.481900452488688,2.004072398190033,-9.524886877828052
Emmett Louis Till Math and Science Academy,ES,41.77544062,-87.60932095,88.0,31.0,95.7,Low-High,100.0,4.9692293561127965,40.0,-20.53393665158371,76.41809954751132,-6.5959276018099615,-11.524886877828052
Enrico Fermi Elementary School,ES,41.76772772,-87.59039017,89.9,30.0,101.2,Low-High,85.9267305520151,0.0,63.0,-21.53393665158371,81.91809954751132,-4.695927601809956,11.475113122171948
Enrico Tonti Elementary School,ES,41.78750499,-87.70814201,95.8,,2.1,,,,,,,,
Eric Solorio Academy High School,HS,41.79518118,-87.71109447,92.2,67.0,3.0,,,,,,,,
Ernst Prussing Elementary School,ES,41.96561054,-87.77245066,95.4,71.0,23.4,,,,,,,,
Esmond Elementary School,ES,41.68939069,-87.66916143,92.9,36.0,34.0,,,,,,,,
Eugene Field Elementary School,ES,42.00966462,-87.66994862,96.8,42.0,10.0,Low-Low,37.71006513184967,85.50564893910169,37.0,-9.533936651583709,-9.281900452488689,2.2040723981900356,-14.524886877828052
Everett McKinley Dirksen Elementary School,ES,41.97368728,-87.84105162,95.9,44.0,2.7,,,,,,,,
Evergreen Academy Middle School,MS,41.829365,-87.66778007,96.1,60.0,5.5,Mid-Mid,15.85380062178359,91.22807017543859,44.0,10.0,-0.5142857142857142,1.0142857142857054,-1.142857142857146
Fairfield Elementary Academy,ES,41.78086789,-87.69207758,93.4,31.0,43.4,Low-Mid,25.2182728499955,53.50417929640856,34.0,-20.53393665158371,24.11809954751131,-1.1959276018099558,-17.524886877828052
Federico Garcia Lorca Elementary School,ES,41.94001885,-87.72474354,96.8,53.0,43.8,Mid-High,54.87847287782477,55.46982639845688,58.0,1.4660633484162915,24.51809954751131,2.2040723981900356,6.475113122171948
Ferdinand Peck Elementary School,ES,41.78792632,-87.71922211,96.3,51.0,1.2,Mid-Low,11.48977288175351,94.3694314319831,47.0,-0.5339366515837085,-18.08190045248869,1.7040723981900356,-4.524886877828052
Fernwood Elementary School,ES,41.71119799,-87.6403774,93.4,29.0,29.0,Low-Mid,20.82084258767066,66.54725819785064,43.0,-22.53393665158371,9.718099547511311,-1.1959276018099558,-8.524886877828052
Florence B Price Elementary School,ES,41.81534262,-87.6038735,90.0,20.0,156.6,,,,,,,,
Florence Nightingale Elementary School,ES,41.79774019,-87.68917624,95.6,35.0,9.4,Mid-High,20.64981761037305,85.30357306879765,48.0,-16.53393665158371,-9.881900452488688,1.0040723981900328,-3.5248868778280524
Fort Dearborn Elementary School,ES,41.72966698,-87.65544435,93.4,34.0,24.5,,,,,,,,
Foster Park Elementary School,ES,41.7384262,-87.66813597,93.7,11.0,33.6,Low-Mid,47.44042004874439,60.69624322586571,22.0,-40.53393665158371,14.318099547511313,-0.8959276018099587,-29.524886877828052
Francisco I Madero Middle School,MS,41.84098398,-87.70508585,95.1,49.0,7.1,Low-Low,10.154078594903622,88.65619546247818,47.0,-1.0,1.0857142857142854,0.014285714285705353,1.857142857142854
Francis M McKay Elementary School,ES,41.76810662,-87.69174944,93.5,23.0,9.1,Mid-High,31.425279396047074,84.28400845044548,54.0,-28.53393665158371,-10.181900452488689,-1.0959276018099615,2.4751131221719476
Francis Parkman Elementary School,ES,41.80169919,-87.63297392,90.6,38.0,20.7,Low-Low,36.751599425733104,74.74051621199595,39.0,-13.533936651583709,1.4180995475113107,-3.995927601809967,-12.524886877828052
Francis Scott Key Elementary School,ES,41.88983589,-87.76633519,91.9,37.0,39.6,,,,,,,,
Francis W Parker Elementary Community Academy,ES,41.77079606,-87.6353099,91.9,30.0,39.0,,,,,,,,
Frank I Bennett Elementary School,ES,41.71041656,-87.61735342,92.5,46.0,6.5,Mid-High,27.87349135986658,88.69293652980619,66.0,-5.5339366515837085,-12.781900452488689,-2.0959276018099615,14.475113122171948
Frank L Gillespie Elementary School,ES,41.72529635,-87.62368165,91.9,27.0,2.1,,,,,,,,
Franklin Elementary Fine Arts Center,ES,41.90657253,-87.6355136,95.9,87.0,5.6,,,,,,,,
Frank W Gunsaulus Elementary Scholastic Academy,ES,41.81299531,-87.69940042,96.6,46.0,87.3,Low-Low,91.33675484955803,14.85257646734638,45.0,-5.5339366515837085,68.01809954751131,2.004072398190033,-6.524886877828052
Frank W Reilly Elementary School,ES,41.94112155,-87.71953058,97.0,48.0,8.7,,,,,,,,
Franz Peter Schubert Elementary School,ES,41.93038593,-87.76115305,95.8,,2.1,,,,,,,,
Frazier Prospective IB Magnet Elementary School,ES,41.86695871,-87.72631742,96.8,60.0,7.2,High-Mid,13.853857322443353,89.73087168182236,72.0,8.466063348416291,-12.08190045248869,2.2040723981900356,20.475113122171948
Frederic Chopin Elementary School,ES,41.89674048,-87.68890154,96.9,86.0,1.7,High-High,69.79616706148364,97.18012308257555,99.0,34.46606334841629,-17.58190045248869,2.304072398190044,47.47511312217195
Frederick A Douglass Academy High School,HS,41.89037849,-87.76763207,79.2,44.0,28.0,,,,,,,,
Frederick Funston Elementary School,ES,41.91762127,-87.71692852,94.7,16.0,16.8,,,,,,,,
Frederick Stock Elementary School,ES,42.0168639,-87.81420664,72.4,,0.0,,,,,,,,
Friedrich Ludwig Jahn Elementary School,ES,41.93924404,-87.67577282,94.7,72.0,19.9,,,,,,,,
Friedrich W von Steuben Metropolitan Science High School,HS,41.9731926,-87.71334969,87.0,70.0,4.0,,,,,,,,
Gage Park High School,HS,41.79101352,-87.68899064,72.5,14.0,19.5,,,,,,,,
Galileo Math & Science Scholastic Academy Elementary School,ES,41.87124634,-87.65340205,95.0,65.0,3.1,Mid-Low,16.52504866235984,93.790759621567,42.0,13.466063348416291,-16.181900452488687,0.4040723981900385,-9.524886877828052
Garrett A Morgan Elementary School,ES,41.74124549,-87.64007166,92.0,28.0,10.0,Low-Mid,21.18047593223917,83.7788187746854,55.0,-23.53393665158371,-9.281900452488689,-2.5959276018099615,3.4751131221719476
Genevieve Melody Elementary School,ES,41.87474954,-87.73051772,92.1,61.0,26.0,,,,,,,,
George Armstrong International Studies Elementary School,ES,42.01017628,-87.68446868,96.3,59.0,8.1,High-Mid,4.970908397665175,88.76641866446221,64.0,7.4660633484162915,-11.181900452488689,1.7040723981900356,12.475113122171948
George B McClellan Elementary School,ES,41.82998962,-87.64106579,93.2,49.0,7.8,,,,,,,,
George B Swift Elementary Specialty School,ES,41.98915734,-87.65833342,96.3,61.0,6.0,High-Mid,6.8704908689544295,90.87903003582255,60.0,9.466063348416291,-13.281900452488689,1.7040723981900356,8.475113122171948
George F Cassell Elementary School,ES,41.68733881,-87.70325179,94.4,76.0,13.8,Mid-Mid,27.74340274579566,84.91779186185359,36.0,24.46606334841629,-5.481900452488688,-0.19592760180995583,-15.524886877828052
George H Corliss High School,HS,41.70739096,-87.60307842,71.3,33.0,23.4,,,,,,,,
George Leland Elementary School,ES,41.87382439,-87.75571809,92.6,,3.3,,,,,,,,
George Manierre Elementary School,ES,41.90825367,-87.63986347,91.0,43.0,44.0,,,,,,,,
George M Pullman Elementary School,ES,41.68879566,-87.60939383,93.5,59.0,14.6,,,,,,,,
George Rogers Clark Elementary School,ES,41.8678323,-87.77038158,93.9,39.0,14.4,,,,,,,,
George Washington Carver Military Academy High School,HS,41.65627709,-87.5906566,91.6,53.0,8.9,,,,,,,,
George Washington Carver Primary School,ES,41.65367428,-87.59952683,90.9,25.0,15.6,,,,,,,,
George Washington Elementary School,ES,41.68810403,-87.53600985,95.5,58.0,5.6,High-High,13.084234970302685,90.89740056948654,43.0,6.4660633484162915,-13.681900452488689,0.9040723981900385,-8.524886877828052
George Washington High School,HS,41.6881094,-87.5375501,80.2,46.0,12.7,,,,,,,,
George W Curtis Elementary School,ES,41.68544575,-87.62166148,93.8,23.0,18.2,,,,,,,,
George Westinghouse High School,HS,41.88994963,-87.70734353,93.6,74.0,2.0,,,,,,,,
George W Tilton Elementary School,ES,41.88409703,-87.73052949,91.4,6.0,65.5,Low-Mid,59.734274681275544,30.72471755304492,41.0,-45.53393665158371,46.218099547511315,-3.195927601809956,-10.524886877828052
Gerald Delgado Kanoon Elementary Magnet School,ES,41.85077575,-87.70507547,95.9,44.0,3.3,Mid-Mid,12.920910581006897,91.76081565169468,48.0,-7.5339366515837085,-15.981900452488688,1.3040723981900442,-3.5248868778280524
Graeme Stewart Elementary School,ES,41.96434608,-87.65605252,95.2,49.0,77.0,,,,,,,,
Granville T Woods Math & Science Academy Elementary School,ES,41.7811649,-87.65468845,91.9,35.0,41.5,,,,,,,,
Greater Lawndale High School For Social Justice,HS,41.83601953,-87.73419465,87.5,43.0,16.4,,,,,,,,
Grover Cleveland Elementary School,ES,41.9520147,-87.70642927,95.0,64.0,6.1,Mid-Low,3.3057287894103107,90.94332690364655,47.0,12.466063348416291,-13.181900452488689,0.4040723981900385,-4.524886877828052
Guglielmo Marconi Elementary Community Academy,ES,41.88431659,-87.73936153,91.5,26.0,58.8,,,,,,,,
Gurdon S Hubbard High School,HS,41.78050763,-87.71804991,89.3,42.0,4.3,,,,,,,,
Gwendolyn Brooks College Preparatory Academy High School,HS,41.69278956,-87.61638144,87.1,64.0,0.1,,,,,,,,
Hannah G Solomon Elementary School,ES,41.99397007,-87.72407991,95.8,78.0,0.8,High-Mid,13.524650173964309,97.17093781574356,62.0,26.46606334841629,-18.481900452488688,1.2040723981900356,10.475113122171948
Hanson Park Elementary School,ES,41.92392771,-87.76152094,95.0,35.0,24.4,,,,,,,,
Harold Washington Elementary School,ES,41.72853492,-87.59629327,96.1,28.0,3.1,,,,,,,,
Harriet Beecher Stowe Elementary School,ES,41.91196584,-87.7132855,93.8,28.0,13.7,,,,,,,,
Harriet E Sayre Elementary Language Academy,ES,41.9141236,-87.79875667,96.2,68.0,2.6,,,,,,,,
Hawthorne Elementary Scholastic Academy,ES,41.94228994,-87.65767253,96.9,92.0,1.2,High-Mid,42.04878741636707,98.1905024340957,56.0,40.46606334841629,-18.08190045248869,2.304072398190044,4.475113122171948
Helen M Hefferan Elementary School,ES,41.87863685,-87.73583687,93.8,29.0,13.4,Mid-High,21.7798374059441,80.91301552310094,63.0,-22.53393665158371,-5.881900452488688,-0.7959276018099644,11.475113122171948
Helen Peirce International Studies Elementary School,ES,41.98342819,-87.66586537,96.7,58.0,5.8,,,,,,,,
Helge A Haugan Elementary School,ES,41.96403525,-87.72316496,96.2,43.0,23.4,Mid-Low,22.900715849521358,73.23413245154771,49.0,-8.533936651583709,4.11809954751131,1.6040723981900413,-2.5248868778280524
Henry Clay Elementary School,ES,41.65455937,-87.544577,95.2,38.0,6.0,Low-Low,13.996310653840174,88.66538072931019,30.0,-13.533936651583709,-13.281900452488689,0.6040723981900413,-21.524886877828052
Henry D Lloyd Elementary School,ES,41.91883022,-87.74847861,96.2,,0.0,,,,,,,,
Henry H Nash Elementary School,ES,41.89214724,-87.74720292,95.1,41.0,27.9,,,,,,,,
Henry O Tanner Elementary School,ES,41.76069854,-87.60682834,91.8,33.0,43.1,,,,,,,,
Henry R Clissold Elementary School,ES,41.69305404,-87.6808619,95.1,45.0,8.4,Mid-Low,12.398288041369558,87.09470010103793,61.0,-6.5339366515837085,-10.881900452488688,0.5040723981900328,9.475113122171948
High School of Leadership at South Shore,HS,41.75619362,-87.57960727,72.0,,43.4,,,,,,,,
Hiram H Belding Elementary School,ES,41.95890499,-87.73398223,95.0,64.0,21.3,Mid-Mid,13.419506129529763,76.98172131900432,69.0,12.466063348416291,2.018099547511312,0.4040723981900385,17.475113122171948
Hope College Preparatory High School,HS,41.79355292,-87.64134488,72.2,31.0,24.0,,,,,,,,
Horace Greeley Elementary School,ES,41.95283701,-87.65097549,95.9,65.0,6.0,,,,,,,,
Horace Mann Elementary School,ES,41.74830012,-87.57485274,92.6,28.0,44.4,Low-Low,24.293874999035943,52.23661247359236,30.0,-23.53393665158371,25.11809954751131,-1.9959276018099672,-21.524886877828052
Horatio May Elementary Community Academy,ES,41.87358321,-87.74931216,91.9,42.0,40.0,,,,,,,,
Hyde Park Academy High School,HS,41.78223539,-87.58665115,70.5,29.0,18.5,,,,,,,,
Hyman G Rickover Naval Academy High School,HS,41.98905063,-87.66526222,92.9,64.0,15.4,,,,,,,,
Ida B Wells Preparatory Elementary Academy,ES,41.82390751,-87.61978794,93.2,49.0,9.5,,,,,,,,
Ignance Paderewski Elementary Learning Academy,ES,41.85094816,-87.71726618,92.1,31.0,20.9,,,,,,,,
Infinity Math Science and Technology High School,HS,41.83601953,-87.73419465,92.2,58.0,7.5,,,,,,,,
Inter-American Elementary Magnet School,ES,41.94897646,-87.65153745,96.2,67.0,3.0,,,,,,,,
Ira F Aldridge Elementary School,ES,41.65743243,-87.60649623,92.9,39.0,49.0,,,,,,,,
Irene C. Hernandez Middle School for the Advancement of Science,MS,41.79350627,-87.71139803,95.5,34.0,14.8,Low-Low,17.268366486180444,80.24249104436484,27.0,-16.0,8.785714285714286,0.41428571428571104,-18.142857142857146
Irma C Ruiz Elementary School,ES,41.84809742,-87.68078114,95.5,57.0,15.9,Mid-Mid,4.592723545992479,81.34472306420501,62.0,5.4660633484162915,-3.381900452488688,0.9040723981900385,10.475113122171948
Irvin C Mollison Elementary School,ES,41.81434006,-87.61658079,91.1,44.0,36.1,,,,,,,,
Isabelle C O'Keeffe Elementary School,ES,41.76861557,-87.57284299,92.1,17.0,24.6,,,,,,,,
Jackie Robinson Elementary School,ES,41.81735839,-87.59903174,90.5,,47.9,,,,,,,,
Jacob Beidler Elementary School,ES,41.88529401,-87.70581859,95.4,63.0,0.7,,,,,,,,
Jacqueline B Vaughn Occupational High School,HS,41.96035141,-87.76462602,87.6,57.0,3.7,,,,,,,,
James B Farnsworth Elementary School,ES,41.9798092,-87.76610809,94.2,55.0,1.7,High-Mid,17.46917435768298,94.08468816019105,38.0,3.4660633484162915,-17.58190045248869,-0.3959276018099587,-13.524886877828052
James B McPherson Elementary School,ES,41.96784758,-87.67632505,96.5,71.0,1.2,,,,,,,,
James E McDade Elementary Classical School,ES,41.73451387,-87.61917677,96.2,99.0,0.0,,,,,,,,
James G Blaine Elementary School,ES,41.95080812,-87.66495825,96.4,99.0,2.1,,,,,,,,
James Hedges Elementary School,ES,41.80713406,-87.67329121,95.4,22.0,48.8,,,,,,,,
James Madison Elementary School,ES,41.75955224,-87.59067582,94.9,39.0,12.4,,,,,,,,
James Monroe Elementary School,ES,41.92996135,-87.71921246,95.1,45.0,22.1,,,,,,,,
James N Thorp Elementary School,ES,41.73331035,-87.54451462,91.8,32.0,45.4,,,,,,,,
James Otis Elementary School,ES,41.89179703,-87.66538928,95.5,83.0,3.2,High-High,44.284579355028,95.39818131716726,58.0,31.46606334841629,-16.08190045248869,0.9040723981900385,6.475113122171948
James R Doolittle Jr Elementary School,ES,41.8310921,-87.61291629,91.4,30.0,134.8,,,,,,,,
James Russell Lowell Elementary School,ES,41.90654684,-87.71023279,93.2,39.0,11.2,,,,,,,,
James Shields Elementary School,ES,41.81593528,-87.68968453,97.0,38.0,13.9,,,,,,,,
James Wadsworth Elementary School,ES,41.77812652,-87.59815597,92.2,,8.0,,,,,,,,
James Ward Elementary School,ES,41.84395162,-87.63531815,97.8,49.0,1.3,High-Low,29.30994951484897,94.23165242950307,46.0,-2.5339366515837085,-17.981900452488688,3.2040723981900356,-5.524886877828052
James Weldon Johnson Elementary School,ES,41.86183983,-87.7031756,94.7,67.0,1.4,Mid-High,17.063115060346497,95.50840451915127,75.0,15.466063348416291,-17.88190045248869,0.10407239819004133,23.475113122171948
Jane Addams Elementary School,ES,41.69871497,-87.53301251,96.0,56.0,5.0,Mid-Low,3.9371005965309047,91.3107375769266,46.0,4.4660633484162915,-14.281900452488689,1.4040723981900385,-5.524886877828052
Jane A Neil Elementary School,ES,41.7384386,-87.62089767,88.9,42.0,5.0,Low-Mid,63.03492753230554,89.37264627537431,28.0,-9.533936651583709,-14.281900452488689,-5.695927601809956,-23.524886877828052
Jean Baptiste Beaubien Elementary School,ES,41.97237914,-87.75752776,95.7,63.0,7.4,,,,,,,,
Jean D Lafayette Elementary School,ES,41.89940402,-87.69494543,94.1,44.0,14.3,Mid-High,25.440012050394184,81.49168733351704,38.0,-7.5339366515837085,-4.981900452488688,-0.4959276018099672,-13.524886877828052
Jensen Elementary Scholastic Academy,ES,41.87384239,-87.70224149,93.1,35.0,17.2,Mid-High,15.570229096718444,77.90943326903647,67.0,-16.53393665158371,-2.0819004524886893,-1.4959276018099672,15.475113122171948
Jesse Owens Elementary Community Academy,ES,41.66737294,-87.62242272,91.3,,4.9,,,,,,,,
Jesse Sherwood Elementary School,ES,41.7907728,-87.6322812,92.0,38.0,3.9,,,,,,,,
Johann W von Goethe Elementary School,ES,41.9228282,-87.69293637,95.8,75.0,5.6,High-Mid,11.697165194937707,92.4864517314228,52.0,23.46606334841629,-13.681900452488689,1.2040723981900356,0.47511312217194757
John A Walsh Elementary School,ES,41.85484214,-87.64804964,95.1,60.0,2.9,,,,,,,,
John Barry Elementary School,ES,41.93251118,-87.73942514,95.1,35.0,5.6,Mid-Mid,38.01805749685858,88.7480481307982,81.0,-16.53393665158371,-13.681900452488689,0.5040723981900328,29.475113122171948
John B Drake Elementary School,ES,41.84379445,-87.61776768,93.8,59.0,43.3,Low-Low,46.43974777588241,56.204647745017,46.0,7.4660633484162915,24.01809954751131,-0.7959276018099644,-5.524886877828052
John B Murphy Elementary School,ES,41.95005034,-87.71682949,95.6,80.0,1.9,,,,,,,,
John Calhoun North Elementary School,ES,41.87822115,-87.69755292,95.9,52.0,4.6,High-High,18.350196966498775,91.3015523100946,54.0,0.4660633484162915,-14.681900452488689,1.3040723981900442,2.4751131221719476
John C Burroughs Elementary School,ES,41.8288631,-87.69249318,95.6,50.0,0.2,Mid-Mid,12.096680357597293,95.13180857903922,38.0,-1.5339366515837085,-19.08190045248869,1.0040723981900328,-13.524886877828052
John C Coonley Elementary School,ES,41.95554905,-87.68380195,95.9,87.0,1.4,High-Low,25.940816760184838,97.45568108753558,39.0,35.46606334841629,-17.88190045248869,1.3040723981900442,-12.524886877828052
John C Dore Elementary School,ES,41.78092716,-87.78764009,95.6,74.0,10.8,High-Mid,19.666100086881244,87.59988977679801,79.0,22.46606334841629,-8.481900452488688,1.0040723981900328,27.475113122171948
John Charles Haines Elementary School,ES,41.84993116,-87.63378596,98.4,32.0,0.3,High-Low,50.919108345592235,93.64379535225498,37.0,-19.53393665158371,-18.981900452488688,3.804072398190044,-14.524886877828052
John D Shoop Math-Science Technical Academy Elementary School,ES,41.69093337,-87.65870614,93.2,32.0,40.8,Low-High,15.854505874129247,55.965830807384954,51.0,-19.53393665158371,21.51809954751131,-1.3959276018099587,-0.5248868778280524
John F Eberhart Elementary School,ES,41.7744471,-87.70800189,95.3,42.0,13.1,Low-Low,13.406806556177623,82.5204372187012,34.0,-9.533936651583709,-6.181900452488689,0.7040723981900356,-17.524886877828052
John Fiske Elementary School,ES,41.78290934,-87.60259685,92.9,13.0,37.1,Low-Mid,26.81536236632701,57.59162303664921,55.0,-38.53393665158371,17.818099547511313,-1.6959276018099558,3.4751131221719476
John F Kennedy High School,HS,41.79042796,-87.78037224,83.0,53.0,22.0,,,,,,,,
John Foster Dulles Elementary School,ES,41.779797,-87.61717494,94.1,42.0,28.2,Low-Low,23.62729261484642,68.54046110039496,42.0,-9.533936651583709,8.91809954751131,-0.4959276018099672,-9.524886877828052
John Greenleaf Whittier Elementary School,ES,41.85050786,-87.67342126,94.9,65.0,3.8,,,,,,,,
John Hancock College Preparatory High School,HS,41.79149114,-87.72449161,78.2,51.0,7.5,,,,,,,,
John Harvard Elementary School of Excellence,ES,41.75733472,-87.63270008,93.0,51.0,8.7,Mid-Mid,18.173897847853823,87.17736750252595,61.0,-0.5339366515837085,-10.58190045248869,-1.5959276018099615,9.475113122171948
John Hay Elementary Community Academy,ES,41.89918473,-87.75585034,92.9,44.0,30.8,,,,,,,,
John H Hamline Elementary School,ES,41.80726347,-87.66113856,94.4,33.0,7.5,Low-Low,24.396556133526555,86.75484522825387,43.0,-18.53393665158371,-11.781900452488689,-0.19592760180995583,-8.524886877828052
John H Kinzie Elementary School,ES,41.78970398,-87.7791043,95.4,64.0,14.9,,,,,,,,
John H Vanderpoel Elementary Magnet School,ES,41.72078152,-87.66558526,97.2,74.0,0.3,,,,,,,,
John J Audubon Elementary School,ES,41.94509808,-87.68107885,96.2,95.0,4.5,High-Mid,17.86035777304613,95.37062551667125,60.0,43.46606334841629,-14.781900452488689,1.6040723981900413,8.475113122171948
John J Pershing Elementary Humanities Magnet,ES,41.83803465,-87.61334083,95.5,,19.2,,,,,,,,
John L Marsh Elementary School,ES,41.71657908,-87.55251993,95.7,72.0,5.4,Mid-Low,11.29276013486122,92.38541379627078,39.0,20.46606334841629,-13.881900452488688,1.1040723981900413,-12.524886877828052
John Marshall Metropolitan High School,HS,41.87847194,-87.70801612,74.1,51.0,42.9,,,,,,,,
John M Harlan Community Academy High School,HS,41.71840075,-87.62066069,81.2,,21.6,,,,,,,,
John Milton Gregory Elementary School,ES,41.87071468,-87.71867323,95.2,44.0,3.2,High-High,10.274384813243854,91.78837145219067,43.0,-7.5339366515837085,-16.08190045248869,0.6040723981900413,-8.524886877828052
John M Smyth Elementary School,ES,41.86532347,-87.65347031,92.4,37.0,20.1,,,,,,,,
Johnnie Colemon Elementary Academy,ES,41.67747786,-87.65812011,95.9,60.0,23.4,,,,,,,,
John Palmer Elementary School,ES,41.97326374,-87.73917547,96.3,75.0,12.8,,,,,,,,
John P Altgeld Elementary School,ES,41.76510322,-87.6582125,91.9,48.0,32.9,Mid-Mid,34.191043965298306,64.57242582897032,58.0,-3.5339366515837085,13.61809954751131,-2.695927601809956,6.475113122171948
John Spry Elementary Community School,ES,41.84815451,-87.69912725,96.2,66.0,5.9,High-Mid,5.617608092613941,91.42096077891063,67.0,14.466063348416291,-13.381900452488688,1.6040723981900413,15.475113122171948
John T McCutcheon Elementary School,ES,41.97095968,-87.65472193,94.0,56.0,8.8,Mid-Low,15.7537728421548,87.63663084412602,41.0,4.4660633484162915,-10.481900452488688,-0.5959276018099615,-10.524886877828052
John T Pirie Fine Arts & Academic Center Elementary School,ES,41.74036711,-87.60792289,93.5,26.0,20.8,Mid-Mid,17.274670523568084,73.8128042619638,62.0,-25.53393665158371,1.5180995475113122,-1.0959276018099615,10.475113122171948
John W Cook Elementary School,ES,41.74526284,-87.6598119,94.0,,26.0,,,,,,,,
John W Garvy Elementary School,ES,41.97635262,-87.79619832,95.3,60.0,10.2,High-Low,0.0,86.8375126297419,51.0,8.466063348416291,-9.08190045248869,0.7040723981900356,-0.5248868778280524
John Whistler Elementary School,ES,41.68391137,-87.65534733,92.4,45.0,11.1,Low-Low,38.44618532819863,84.3666758519335,28.0,-6.5339366515837085,-8.181900452488689,-2.195927601809956,-23.524886877828052
Jonathan Burr Elementary School,ES,41.91233061,-87.66864691,95.9,71.0,4.3,High-Mid,9.287998270279168,93.32231101313494,51.0,19.46606334841629,-14.981900452488688,1.3040723981900442,-0.5248868778280524
Jonathan Y Scammon Elementary School,ES,41.94164944,-87.73222901,95.9,44.0,8.0,,,,,,,,
Jordan Elementary Community School,ES,42.01709536,-87.67779928,95.6,61.0,16.4,Low-Low,33.35602796327415,81.262055662717,49.0,9.466063348416291,-2.88190045248869,1.0040723981900328,-2.5248868778280524
Jose De Diego Elementary Community Academy,ES,41.90531549,-87.68572005,95.0,57.0,29.0,Mid-Mid,22.575827424713307,69.26609718012308,40.0,5.4660633484162915,9.718099547511311,0.4040723981900385,-11.524886877828052
Josefa Ortiz De Dominguez Elementary School,ES,41.83875333,-87.71722614,95.8,,3.6,,,,,,,,
Joseph Brennemann Elementary School,ES,41.95997841,-87.64971223,96.5,50.0,13.7,Mid-Mid,12.250159289900747,82.81436575732525,59.0,-1.5339366515837085,-5.581900452488689,1.9040723981900385,7.475113122171948
Joseph E Gary Elementary School,ES,41.83709246,-87.71870452,96.1,32.0,16.8,Low-Low,26.665653603286664,78.27684394231652,28.0,-19.53393665158371,-2.481900452488688,1.5040723981900328,-23.524886877828052
Josephine C Locke Elementary School,ES,41.93176301,-87.79564085,95.5,57.0,2.2,High-Mid,6.333594367432431,93.92853862404704,56.0,5.4660633484162915,-17.08190045248869,0.9040723981900385,4.475113122171948
Joseph Jungman Elementary School,ES,41.85810053,-87.65233933,96.4,36.0,5.3,Low-Low,24.694359598760343,89.23486727289426,53.0,-15.533936651583709,-13.981900452488688,1.8040723981900442,1.4751131221719476
Joseph Kellman Corporate Community Elementary School,ES,41.87119309,-87.70078311,95.2,58.0,4.4,Mid-Low,5.953519173030906,91.9720767888307,45.0,6.4660633484162915,-14.881900452488688,0.6040723981900413,-6.524886877828052
Joseph Lovett Elementary School,ES,41.91269042,-87.78393402,95.4,43.0,16.1,,,,,,,,
Joseph Stockton Elementary School,ES,41.9623189,-87.66388983,94.9,37.0,11.0,,,,,,,,
Joseph Warren Elementary School,ES,41.72677474,-87.5753162,95.0,33.0,21.6,,,,,,,,
Joshua D Kershaw Elementary School,ES,41.77647883,-87.64092929,94.8,62.0,8.2,High-High,5.307861128703719,88.81234499862222,56.0,10.466063348416291,-11.08190045248869,0.20407239819003564,4.475113122171948
Josiah Pickard Elementary School,ES,41.85287295,-87.6833397,95.8,50.0,5.1,Mid-Low,7.6035169992875895,90.6493983650225,37.0,-1.5339366515837085,-14.181900452488689,1.2040723981900356,-14.524886877828052
Joyce Kilmer Elementary School,ES,42.00367622,-87.66826026,96.0,,15.6,,,,,,,,
Julia C Lathrop Elementary School,ES,41.86119482,-87.7093241,90.5,67.0,113.5,,,,,,,,
Julia Ward Howe Elementary School of Excellence,ES,41.89362521,-87.75943557,96.0,67.0,7.7,High-High,8.976074826578024,89.84109488380638,69.0,15.466063348416291,-11.58190045248869,1.4040723981900385,17.475113122171948
Kate S Buckingham Special Education Center,ES,41.72782129,-87.56439326,83.4,31.0,116.9,,,,,,,,
Kate S Kellogg Elementary School,ES,41.72525315,-87.67719555,96.3,76.0,12.0,,,,,,,,
Kelvyn Park High School,HS,41.92789092,-87.73600171,74.4,32.0,12.9,,,,,,,,
Kenwood Academy High School,HS,41.80375479,-87.59038395,88.4,63.0,5.9,,,,,,,,
Lake View High School,HS,41.95478361,-87.66891643,87.7,64.0,8.5,,,,,,,,
Langston Hughes Elementary School,ES,41.70536999,-87.62985093,90.0,28.0,27.5,Low-High,46.00586410087924,67.5208964820428,30.0,-23.53393665158371,8.218099547511311,-4.5959276018099615,-21.524886877828052
LaSalle Elementary Language Academy,ES,41.9138823,-87.63760107,96.8,99.0,7.0,High-Low,37.118752002115414,93.49683108294296,52.0,47.46606334841629,-12.281900452488689,2.2040723981900356,0.47511312217194757
LaSalle II Magnet Elementary School,ES,41.90290876,-87.67373263,95.1,66.0,5.6,High-High,14.275583483816446,91.59548084871865,52.0,14.466063348416291,-13.681900452488689,0.5040723981900328,0.47511312217194757
Laughlin Falconer Elementary School,ES,41.93577597,-87.74936705,96.1,54.0,5.7,Mid-Low,19.67552434564796,90.49324882887848,27.0,2.4660633484162915,-13.58190045248869,1.5040723981900328,-24.524886877828052
Laura S Ward Elementary School,ES,41.88845002,-87.71752405,92.9,,3.9,,,,,,,,
Lawndale Elementary Community Academy,ES,41.86298683,-87.71300615,91.0,,18.8,,,,,,,,
Lazaro Cardenas Elementary School,ES,41.8485071,-87.71598119,96.3,,3.2,,,,,,,,
Leif Ericson Elementary Scholastic Academy,ES,41.87576191,-87.71584573,94.7,33.0,20.8,,,,,,,,
Lenart Elementary Regional Gifted Center,ES,41.74715024,-87.62800231,97.4,79.0,0.3,High-Low,22.675677127288292,97.86901809497566,67.0,27.46606334841629,-18.981900452488688,2.804072398190044,15.475113122171948
Leslie Lewis Elementary School,ES,41.90682528,-87.75451319,91.8,21.0,37.7,Low-High,36.39602593254595,57.674290438137234,64.0,-30.53393665158371,18.418099547511314,-2.7959276018099644,12.475113122171948
Lincoln Park High School,HS,41.91830362,-87.64597389,84.6,65.0,9.2,,,,,,,,
Lionel Hampton Fine & Performing Arts Elementary School,ES,41.75348432,-87.70875287,95.0,42.0,94.9,,,,,,,,
Little Village Elementary School,ES,41.84368588,-87.71735516,96.7,45.0,3.2,Mid-Mid,15.397320491332891,92.0180031229907,66.0,-6.5339366515837085,-16.08190045248869,2.1040723981900413,14.475113122171948
Logandale Middle School,MS,41.9339976,-87.70804359,95.1,56.0,5.1,,,,,,,,
Lorenz Brentano Math & Science Academy Elementary School,ES,41.93097047,-87.69625758,94.7,57.0,9.2,Low-Low,12.54758211565568,87.42536970698997,46.0,5.4660633484162915,-10.08190045248869,0.10407239819004133,-5.524886877828052
Louis A Agassiz Elementary School,ES,41.93412004,-87.65619167,95.2,53.0,32.6,,,,,,,,
Louisa May Alcott Elementary School,ES,41.92984626,-87.64633949,96.6,,3.7,,,,,,,,
Louis Armstrong Math & Science Elementary School,ES,41.87378243,-87.75920297,92.6,42.0,83.4,,,,,,,,
Louis Nettelhorst Elementary School,ES,41.94162999,-87.64459776,95.5,58.0,5.3,,,,,,,,
Louis Pasteur Elementary School,ES,41.78688968,-87.73262962,95.0,50.0,5.0,,,,,,,,
Ludwig Van Beethoven Elementary School,ES,41.80910779,-87.62711401,93.7,40.0,11.4,,,,,,,,
Luke O'Toole Elementary School,ES,41.77418952,-87.67513395,89.2,5.0,26.7,,,,,,,,
Luther Burbank Elementary School,ES,41.91759334,-87.78266267,95.2,37.0,9.8,,,,,,,,
Lyman A Budlong Elementary School,ES,41.97572652,-87.69660443,95.4,59.0,3.9,Mid-Low,5.770785347470675,92.5415633324148,38.0,7.4660633484162915,-15.381900452488688,0.8040723981900442,-13.524886877828052
Lyman Trumbull Elementary School,ES,41.97621644,-87.6697616,94.3,56.0,17.8,,,,,,,,
Mahalia Jackson Elementary School,ES,41.73409818,-87.64675679,92.5,38.0,35.7,,,,,,,,
Mancel Talcott Elementary School,ES,41.89243235,-87.67370499,95.8,63.0,3.2,High-Mid,6.542917937326418,93.58868375126298,71.0,11.466063348416291,-16.08190045248869,1.2040723981900356,19.475113122171948
Manley Career Academy High School,HS,41.87091163,-87.69988652,66.8,41.0,19.7,,,,,,,,
Manuel Perez Elementary School,ES,41.85600113,-87.6579887,95.9,45.0,7.3,,,,,,,,
Marcus Moziah Garvey Elementary School,ES,41.7065956,-87.64754034,94.0,50.0,20.5,,,,,,,,
Mariano Azuela Elementary School,ES,41.77105158,-87.73992325,95.5,54.0,19.7,High-High,30.752338403581852,77.57876366308442,81.0,2.4660633484162915,0.41809954751131073,0.9040723981900385,29.475113122171948
Maria Saucedo Elementary Scholastic Academy,ES,41.84796859,-87.69728712,96.8,60.0,19.4,,,,,,,,
Marie Sklodowska Curie Metropolitan High School,HS,41.80304615,-87.72200673,85.0,43.0,9.1,,,,,,,,
Marine Military Math and Science Academy ,HS,41.87885054,-87.68865058,91.3,41.0,4.5,,,,,,,,
Mark Sheridan Elementary Math & Science Academy,ES,41.84437293,-87.64131399,96.8,74.0,1.3,High-Mid,10.241781833130133,96.43611646918343,63.0,22.46606334841629,-17.981900452488688,2.2040723981900356,11.475113122171948
Mark Skinner Elementary School,ES,41.87913069,-87.65937102,97.1,87.0,0.0,,,,,,,,
Mark Twain Elementary School,ES,41.79905206,-87.75896524,96.3,67.0,5.3,High-High,21.93676209858867,92.07311472398274,44.0,15.466063348416291,-13.981900452488688,1.7040723981900356,-7.524886877828052
Marquette Elementary School,ES,41.77390682,-87.6970673,93.1,15.0,64.6,,,,,,,,
Martha Ruggles Elementary School,ES,41.75194729,-87.61802983,93.9,43.0,30.9,,,,,,,,
Martin A Ryerson Elementary School,ES,41.89321142,-87.71883334,95.5,40.0,95.1,Low-High,77.65091347751256,7.035914393313128,43.0,-11.533936651583709,75.81809954751131,0.9040723981900385,-8.524886877828052
Marvin Camras Elementary School,ES,41.93496641,-87.77016525,95.1,54.0,4.3,Mid-High,22.228672254636145,91.68733351703867,41.0,2.4660633484162915,-14.981900452488688,0.5040723981900328,-10.524886877828052
Mary E Courtenay Elementary Language Arts Center,ES,41.9580169,-87.6718933,94.9,99.0,10.8,,,,,,,,
Mary E McDowell Elementary School,ES,41.7331047,-87.58960096,95.5,,3.1,,,,,,,,
Mary Gage Peterson Elementary School,ES,41.98158041,-87.71261988,95.5,62.0,10.3,,,,,,,,
Mary Lyon Elementary School,ES,41.93417898,-87.77713699,95.9,55.0,3.7,,,,,,,,
Mary Mapes Dodge Elementary Renaissance Academy,ES,41.88282068,-87.6930162,94.4,57.0,12.7,High-High,26.39707263970833,84.18297051529346,73.0,5.4660633484162915,-6.581900452488689,-0.19592760180995583,21.475113122171948
Mary McLeod Bethune Elementary School,ES,41.87019518,-87.70216173,93.3,53.0,25.8,Low-Mid,25.55236856945729,71.68182235693948,39.0,1.4660633484162915,6.518099547511312,-1.2959276018099644,-12.524886877828052
Mason High School,HS,41.85685194,-87.73049117,90.4,50.0,44.3,,,,,,,,
Matthew A Henson Elementary School,ES,41.86356038,-87.72158636,90.9,37.0,13.2,,,,,,,,
Matthew Gallistel Elementary Language Academy,ES,41.70682232,-87.53513861,95.1,49.0,5.9,Mid-Low,10.469886682863377,89.75842748231835,32.0,-2.5339366515837085,-13.381900452488688,0.5040723981900328,-19.524886877828052
Medgar Evers Elementary School,ES,41.7156643,-87.63926881,94.9,27.0,18.1,,,,,,,,
Melville W Fuller Elementary School,ES,41.8180061,-87.61182077,91.8,22.0,40.2,,,,,,,,
Michael Faraday Elementary School,ES,41.87974117,-87.70808199,93.3,35.0,39.4,,,,,,,,
Michael M Byrne Elementary School,ES,41.79503029,-87.79150778,94.6,63.0,51.8,Mid-Mid,44.82465646972802,48.83806374575181,38.0,11.466063348416291,32.51809954751131,0.0040723981900328,-13.524886877828052
Michele Clark Academic Prep Magnet High School,HS,41.87285714,-87.75335467,79.1,,24.4,,,,,,,,
Mildred I Lavizzo Elementary School,ES,41.69628998,-87.62713349,91.5,15.0,39.1,Low-High,30.20287012115943,55.80968127124093,46.0,-36.53393665158371,19.818099547511313,-3.0959276018099615,-5.524886877828052
Milton Brunson Math & Science Specialty Elementary School ,ES,41.89767761,-87.76564297,91.3,30.0,16.6,,,,,,,,
Minnie Mars Jamieson Elementary School,ES,41.98461372,-87.70056525,95.7,64.0,8.1,High-Low,5.728033555265485,89.17057040507026,66.0,12.466063348416291,-11.181900452488689,1.1040723981900413,14.475113122171948
Miriam G Canter Middle School,MS,41.80434474,-87.59039494,91.4,57.0,3.4,Mid-High,58.142958074569925,92.44971066409478,37.0,7.0,-2.6142857142857143,-3.6857142857142833,-8.142857142857146
Morgan Park High School,HS,41.69206041,-87.66564309,84.2,40.0,11.1,,,,,,,,
Morton School of Excellence,ES,41.88928666,-87.7049885,93.6,53.0,73.9,High-High,93.32491944660525,27.52824469550841,63.0,1.4660633484162915,54.61809954751132,-0.9959276018099672,11.475113122171948
Moses Montefiore Special Elementary School,ES,41.86471954,-87.66648084,80.4,28.0,251.6,,,,,,,,
Mount Greenwood Elementary School,ES,41.69574845,-87.70577383,96.0,84.0,2.9,,,,,,,,
Mount Vernon Elementary School,ES,41.70196704,-87.64768959,93.3,31.0,76.6,Low-Low,65.16606682116765,22.999908147331677,44.0,-20.53393665158371,57.31809954751131,-1.2959276018099644,-7.524886877828052
Multicultural Academy of Scholarship,HS,41.83601953,-87.73419465,89.2,48.0,22.4,,,,,,,,
Myra Bradwell Communications Arts & Sciences Elementary School,ES,41.7543734,-87.55717881,92.1,31.0,75.9,Low-High,53.50928930579231,23.53265362358777,50.0,-20.53393665158371,56.61809954751132,-2.495927601809967,-1.5248868778280524
Nathanael Greene Elementary School,ES,41.82966356,-87.67145551,95.5,,3.8,,,,,,,,
Nathan Hale Elementary School,ES,41.78020486,-87.77661589,94.5,55.0,9.8,High-High,19.358243865297414,86.67217782676586,56.0,3.4660633484162915,-9.481900452488688,-0.09592760180996152,4.475113122171948
Nathaniel Pope Elementary School,ES,41.85570712,-87.70299144,91.6,48.0,54.2,,,,,,,,
Nathan R Goldblatt Elementary School,ES,41.87778081,-87.73273021,92.9,49.0,57.7,,,,,,,,
Nathan S Davis Elementary School,ES,41.8218786,-87.70022859,95.1,43.0,2.4,,,,,,,,
National Teachers Elementary Academy,ES,41.85277255,-87.62928114,94.7,67.0,9.2,High-Mid,7.609234641197885,88.34389639019012,60.0,15.466063348416291,-10.08190045248869,0.10407239819004133,8.475113122171948
Neal F Simeon Career Academy High School,HS,41.74579217,-87.63537,78.6,52.0,2.1,,,,,,,,
Near North Elementary School,ES,41.89551132,-87.66123981,80.2,50.0,58.3,,,,,,,,
New Field Elementary School,ES,42.00767533,-87.67315753,96.2,,3.1,,,,,,,,
New Millennium High School of Health at Bowen,HS,41.73376107,-87.55775263,75.6,17.0,61.8,,,,,,,,
Newton Bateman Elementary School,ES,41.95823045,-87.70218806,96.2,55.0,0.2,Mid-Low,13.83891863845391,95.6461835216313,47.0,3.4660633484162915,-19.08190045248869,1.6040723981900413,-4.524886877828052
Nicholas Senn High School,HS,41.98905063,-87.66526222,81.7,48.0,41.3,,,,,,,,
Nicholson Technology Academy,ES,41.7849277,-87.64748868,93.4,48.0,6.0,Mid-Mid,18.818886060624806,89.41857260953431,73.0,-3.5339366515837085,-13.281900452488689,-1.1959276018099558,21.475113122171948
Ninos Heroes Elementary Academic Center,ES,41.74374969,-87.55189813,93.9,36.0,25.9,,,,,,,,
Norman A Bridge Elementary School,ES,41.94915063,-87.79870722,95.6,67.0,6.6,,,,,,,,
North-Grand High School,HS,41.91170094,-87.73525151,88.6,42.0,15.3,,,,,,,,
North River Elementary School,ES,41.96173669,-87.70718808,95.6,67.0,20.1,Mid-Low,11.093929637590573,78.41462294479655,51.0,15.466063348416291,0.8180995475113129,1.0040723981900328,-0.5248868778280524
Northside College Preparatory High School,HS,41.98135196,-87.70867192,95.7,99.0,2.8,,,,,,,,
Northside Learning Center High School,HS,41.98299994,-87.72238881,89.8,99.0,5.3,,,,,,,,
Northwest Middle School,MS,41.92053845,-87.75820003,93.4,34.0,2.2,,,,,,,,
Norwood Park Elementary School,ES,41.98818136,-87.80299207,95.5,99.0,0.3,High-Low,43.02273525313526,99.5315513915679,68.0,47.46606334841629,-18.981900452488688,0.9040723981900385,16.475113122171948
Ogden International High School,HS,41.8935757,-87.65936676,94.2,56.0,13.7,,,,,,,,
Ole A Thorp Elementary Scholastic Academy,ES,41.94859865,-87.77764028,96.4,70.0,25.8,High-Low,26.572273411332514,73.52806099017177,40.0,18.46606334841629,6.518099547511312,1.8040723981900442,-11.524886877828052
Oliver S Westcott Elementary School,ES,41.74884018,-87.63478949,92.6,30.0,31.5,Low-High,9.635634921721856,64.26931202351427,54.0,-21.53393665158371,12.218099547511311,-1.9959276018099672,2.4751131221719476
Oliver Wendell Holmes Elementary School,ES,41.79376044,-87.64977785,87.0,21.0,139.8,,,,,,,,
Oriole Park Elementary School,ES,41.97851501,-87.81209057,96.5,99.0,2.3,,,,,,,,
Orozco Fine Arts & Sciences Elementary School,ES,41.85778248,-87.67519253,97.6,55.0,1.4,,,,,,,,
Orr Academy High School,HS,41.89444828,-87.72620305,66.3,,10.2,,,,,,,,
Orville T Bright Elementary School,ES,41.69973969,-87.56212104,92.2,18.0,55.7,,,,,,,,
Oscar DePriest Elementary School,ES,41.87799914,-87.7662615,92.7,35.0,20.0,Mid-High,11.939899069945874,75.30081748874805,53.0,-16.53393665158371,0.7180995475113114,-1.8959276018099587,1.4751131221719476
Oscar F Mayer Elementary School,ES,41.92317657,-87.65732331,95.0,67.0,11.4,,,,,,,,
Pablo Casals Elementary School,ES,41.90447488,-87.71427105,92.0,,47.1,,,,,,,,
Park Manor Elementary School,ES,41.76648584,-87.61150917,94.9,28.0,16.6,Mid-High,22.223595628395916,77.98291540369247,48.0,-23.53393665158371,-2.681900452488687,0.30407239819004417,-3.5248868778280524
Parkside Elementary Community Academy,ES,41.76856599,-87.58299131,89.8,,90.7,,,,,,,,
Patrick Henry Elementary School,ES,41.95896179,-87.71566829,95.1,45.0,4.3,Mid-High,12.51341503119554,90.86065950215854,43.0,-6.5339366515837085,-14.981900452488688,0.5040723981900328,-8.524886877828052
Paul Cuffe Math-Science Technology Academy Elementary School,ES,41.74244489,-87.65366994,93.6,51.0,46.9,Mid-High,50.329781354213075,52.144759805272344,54.0,-0.5339366515837085,27.61809954751131,-0.9959276018099672,2.4751131221719476
Paul Laurence Dunbar Career Academy High School,HS,41.84018775,-87.61767315,76.9,29.0,21.5,,,,,,,,
Paul Revere Elementary School,ES,41.76422335,-87.60017165,92.4,36.0,33.3,,,,,,,,
Paul Robeson High School,HS,41.76973341,-87.63711641,73.5,29.0,26.4,,,,,,,,
Percy L Julian High School,HS,41.70585971,-87.65378585,74.6,28.0,33.4,,,,,,,,
Perkins Bass Elementary School,ES,41.77427377,-87.65354234,92.1,28.0,28.9,Low-High,12.548932297968394,66.42784972903463,57.0,-23.53393665158371,9.61809954751131,-2.495927601809967,5.475113122171948
Pershing West Middle School,MS,41.83649005,-87.61837372,96.2,46.0,3.7,High-Mid,22.619529585722333,91.60466611555064,55.0,-4.0,-2.314285714285714,1.1142857142857139,9.857142857142854
Peter A Reinberg Elementary School,ES,41.94300407,-87.76894541,95.8,60.0,8.2,Mid-Mid,15.686456026365198,88.7204923303022,30.0,8.466063348416291,-11.08190045248869,1.2040723981900356,-21.524886877828052
Peter Cooper Elementary Dual Language Academy,ES,41.85605839,-87.66724753,96.2,,5.7,,,,,,,,
Philip Rogers Elementary School,ES,42.01526618,-87.69714858,96.4,81.0,3.0,High-Mid,15.098134978191347,95.48084871865528,62.0,29.46606334841629,-16.28190045248869,1.8040723981900442,10.475113122171948
Phillip D Armour Elementary School,ES,41.8338821,-87.65061898,93.9,36.0,16.0,,,,,,,,
Phillip Murray Elementary Language Academy,ES,41.79852501,-87.59330352,95.6,66.0,3.5,,,,,,,,
Phobe Apperson Hearst Elementary School,ES,41.80818821,-87.74576315,92.1,33.0,25.5,,,,,,,,
Phoenix Military Academy High School,HS,41.87885054,-87.68865058,92.1,53.0,4.3,,,,,,,,
Pilsen Elementary Community Academy,ES,41.85887606,-87.6622254,96.0,43.0,9.4,Mid-Low,23.317698167396816,86.07513548268577,55.0,-8.533936651583709,-9.881900452488688,1.4040723981900385,3.4751131221719476
Portage Park Elementary School,ES,41.9570151,-87.76100593,94.2,62.0,3.7,,,,,,,,
Pulaski International Academy Elmentary School,ES,41.91851374,-87.68380061,96.1,68.0,1.7,Mid-Low,33.33011794184165,95.45329291815928,57.0,16.46606334841629,-17.58190045248869,1.5040723981900328,5.475113122171948
Rachel Carson Elementary School,ES,41.79325514,-87.68783576,97.6,38.0,3.9,Mid-Low,29.585200861217693,90.81473316799853,56.0,-13.533936651583709,-15.381900452488688,3.004072398190033,4.475113122171948
Ralph H Metcalfe Elementary Community Academy,ES,41.6694559,-87.63426928,94.9,,22.3,,,,,,,,
Ravenswood Elementary School,ES,41.96074129,-87.67095905,94.9,46.0,8.1,,,,,,,,
Ray Graham Training Center High School,HS,41.84969736,-87.6252787,86.3,90.0,3.7,,,,,,,,
Richard Edwards Elementary School,ES,41.80552325,-87.72581893,95.3,48.0,10.3,Mid-Mid,5.394662889794456,85.6434279415817,41.0,-3.5339366515837085,-8.981900452488688,0.7040723981900356,-10.524886877828052
Richard Henry Lee Elementary School,ES,41.77532831,-87.72892174,95.0,59.0,21.8,,,,,,,,
Richard J Daley Elementary Academy,ES,41.80234381,-87.67224309,94.9,29.0,44.2,Low-High,24.852223678980437,52.72343161568843,46.0,-22.53393665158371,24.918099547511314,0.30407239819004417,-5.524886877828052
Richard J Oglesby Elementary School,ES,41.75469091,-87.64550666,94.4,44.0,25.4,Low-Mid,17.046203289991833,71.3235969504914,49.0,-7.5339366515837085,6.11809954751131,-0.19592760180995583,-2.5248868778280524
Richard T Crane Technical Preparatory High School,HS,41.87747384,-87.68324922,57.9,43.0,19.9,,,,,,,,
Richard Yates Elementary School,ES,41.91502858,-87.70024324,93.7,42.0,5.6,,,,,,,,
Roald Amundsen High School,HS,41.97507922,-87.67952139,81.1,51.0,8.7,,,,,,,,
Robert A Black Magnet Elementary School,ES,41.72965645,-87.57660534,96.0,68.0,0.4,,,,,,,,
Robert Emmet Elementary School,ES,41.88037642,-87.76327497,89.8,37.0,30.1,,,,,,,,
Robert Fulton Elementary School,ES,41.79754288,-87.66847093,95.1,46.0,10.1,Mid-Mid,10.84552321141376,85.62505740791771,63.0,-5.5339366515837085,-9.181900452488689,0.5040723981900328,11.475113122171948
Robert Healy Elementary School,ES,41.83957045,-87.64037683,96.6,63.0,11.3,,,,,,,,
Robert H Lawrence Elementary School,ES,41.71440176,-87.56716721,90.7,19.0,14.0,Low-Mid,37.72376151176203,79.15862955818866,51.0,-32.53393665158371,-5.281900452488689,-3.8959276018099587,-0.5248868778280524
Robert L Grimes Elementary School,ES,41.77549238,-87.75876919,95.2,79.0,5.0,High-High,14.445047441782927,93.34986681363094,59.0,27.46606334841629,-14.281900452488689,0.6040723981900413,7.475113122171948
Robert Lindblom Math & Science Academy High School,HS,41.7820428,-87.67169858,92.7,66.0,2.1,,,,,,,,
Robert Nathaniel Dett Elementary School,ES,41.88401623,-87.68472465,94.4,48.0,6.9,,,,,,,,
Roberto Clemente Community Academy High School,HS,41.90262318,-87.68686934,69.6,44.0,20.6,,,,,,,,
Rodolfo Lozano Bilingual & International Center Elementary School,ES,41.90891372,-87.66505758,94.8,55.0,0.9,,,,,,,,
Roger C Sullivan High School,HS,42.00268694,-87.66915533,81.6,30.0,14.7,,,,,,,,
Ronald Brown Elementary Community Academy,ES,41.66484509,-87.63892027,93.8,31.0,35.6,Low-High,22.396864567187798,60.70542849269772,33.0,-20.53393665158371,16.318099547511313,-0.7959276018099644,-18.524886877828052
Ronald E McNair Elementary School,ES,41.8978464,-87.74674645,90.7,31.0,52.8,Low-Low,47.2847428312431,44.62202626986314,59.0,-20.53393665158371,33.51809954751131,-3.8959276018099587,7.475113122171948
Rosario Castellanos Elementary School,ES,41.84544296,-87.71496352,96.3,36.0,24.3,Low-Low,38.61592541706958,71.7736750252595,20.0,-15.533936651583709,5.018099547511312,1.7040723981900356,-31.524886877828052
Roswell B Mason Elementary School,ES,41.85685194,-87.73049117,92.4,37.0,31.0,Low-Mid,15.2704541382979,65.35317350969045,58.0,-14.533936651583709,11.718099547511311,-2.195927601809956,6.475113122171948
Rudyard Kipling Elementary School,ES,41.72365391,-87.63948475,94.7,52.0,23.4,,,,,,,,
Rueben Salazar Elementary Bilingual Center,ES,41.90144445,-87.63373912,95.1,64.0,44.6,,,,,,,,
Rufus M Hitch Elementary School,ES,41.98367756,-87.77908614,95.1,64.0,3.7,High-Mid,9.482522401321573,93.1569762101589,58.0,12.466063348416291,-15.58190045248869,0.5040723981900328,6.475113122171948
Salmon P Chase Elementary School,ES,41.91801539,-87.69454144,95.4,55.0,18.5,Low-Low,16.77554140645735,78.7636630844126,39.0,3.4660633484162915,-0.7819004524886886,0.8040723981900442,-12.524886877828052
Samuel Gompers Fine Arts Options Elementary School,ES,41.67058298,-87.62258098,93.6,34.0,54.2,Low-High,34.281556827651826,43.878019656471025,52.0,-17.53393665158371,34.91809954751132,-0.9959276018099672,0.47511312217194757
Sauganash Elementary School,ES,41.99117332,-87.74599137,96.3,99.0,1.5,,,,,,,,
Scott Joplin Elementary School,ES,41.74934082,-87.66932903,95.0,35.0,44.5,Low-Mid,31.018612749213613,53.008174887480486,53.0,-16.53393665158371,25.21809954751131,0.4040723981900385,1.4751131221719476
Sharon Christa McAuliffe Elementary School,ES,41.91480732,-87.72389409,93.9,,14.2,,,,,,,,
Sidney Sawyer Elementary School,ES,41.79752155,-87.70504311,96.8,57.0,7.4,Mid-Low,17.458678208002524,89.27160834022229,39.0,5.4660633484162915,-11.881900452488688,2.2040723981900356,-12.524886877828052
Simon Guggenheim Elementary School,ES,41.76391032,-87.64908807,90.9,30.0,29.5,,,,,,,,
Sir Miles Davis Magnet Elementary Academy,ES,41.77122181,-87.66656657,93.0,35.0,57.8,,,,,,,,
Skinner North,ES,41.9051367,-87.64483441,96.4,,0.0,,,,,,,,
Socorro Sandoval Elementary School,ES,41.79235177,-87.71102417,95.8,,3.7,,,,,,,,
Songhai Elementary Learning Institute,ES,41.68086831,-87.62505762,89.5,17.0,84.7,,,,,,,,
South Loop Elementary School,ES,41.86685634,-87.62865124,95.3,84.0,12.7,High-Low,22.893369353160615,86.74565996142188,36.0,32.46606334841629,-6.581900452488689,0.7040723981900356,-15.524886877828052
South Shore Fine Arts Academy,ES,41.76772772,-87.59039017,93.6,,22.4,,,,,,,,
Southside Occupational Academy High School,HS,41.75986813,-87.6759838,85.5,,13.1,,,,,,,,
Spencer Technology Academy,ES,41.88488257,-87.75048169,92.5,35.0,24.1,Mid-High,34.59107898987437,71.51648755396344,71.0,-16.53393665158371,4.818099547511313,-2.0959276018099615,19.475113122171948
Spry Community Links High School,HS,41.84815451,-87.69912725,95.6,70.0,9.7,,,,,,,,
Stephen Decatur Classical Elementary School,ES,42.00930696,-87.70465502,96.2,99.0,2.8,High-Mid,72.62422907864605,97.29953155139157,99.0,47.46606334841629,-16.481900452488688,1.6040723981900413,47.47511312217195
Stephen F Gale Elementary Community Academy,ES,42.02106425,-87.67196481,92.1,39.0,34.8,Low-Low,24.51758240640192,62.01892164967392,27.0,-12.533936651583709,15.518099547511309,-2.495927601809967,-24.524886877828052
Stephen K Hayt Elementary School,ES,41.99456814,-87.6685227,95.6,72.0,55.6,Mid-Mid,55.747437422184596,46.2661890327914,44.0,20.46606334841629,36.31809954751131,1.0040723981900328,-7.524886877828052
Stephen T Mather High School,HS,41.9875954,-87.70244871,87.6,58.0,7.6,,,,,,,,
Stone Elementary Scholastic Academy,ES,41.99536777,-87.68475636,96.4,78.0,1.9,,,,,,,,
Suder Montessori Magnet Elementary School,ES,41.88324176,-87.67764871,96.6,,6.5,,,,,,,,
Talman Elementary School,ES,41.79407382,-87.6902983,96.2,99.0,9.2,High-High,59.85450298853714,91.42096077891063,99.0,47.46606334841629,-10.08190045248869,1.6040723981900413,47.47511312217195
Tarkington School of Excellence Elementary School,ES,41.76443483,-87.70642093,95.9,48.0,10.5,,,,,,,,
TEAM Englewood Community Academy High School,HS,41.7814927,-87.63494163,87.3,45.0,8.2,,,,,,,,
Telpochcalli Elementary School,ES,41.84797834,-87.6966316,95.4,42.0,2.7,Mid-High,42.41041739844382,92.08229999081473,22.0,-9.533936651583709,-16.58190045248869,0.8040723981900442,-29.524886877828052
Theodore Herzl Elementary School,ES,41.86225473,-87.71825927,90.8,41.0,23.9,,,,,,,,
Theodore Roosevelt High School,HS,41.96485522,-87.71483051,82.3,42.0,9.7,,,,,,,,
Theophilus Schmid Elementary School,ES,41.71701772,-87.59689622,92.1,46.0,67.1,,,,,,,,
Thomas A Edison Regional Gifted Center Elementary School,ES,41.9711433,-87.70962725,96.6,91.0,1.9,,,,,,,,
Thomas A Hendricks Elementary Community Academy,ES,41.81579314,-87.63370133,91.2,33.0,61.8,,,,,,,,
Thomas Chalmers Specialty Elementary School,ES,41.8664078,-87.69526079,94.4,34.0,3.4,Mid-High,32.53417657371047,90.6126572976945,45.0,-17.53393665158371,-15.881900452488688,-0.19592760180995583,-6.524886877828052
Thomas Drummond Elementary School,ES,41.91588634,-87.67449563,95.2,72.0,0.3,,,,,,,,
Thomas Hoyne Elementary School,ES,41.73330693,-87.5681905,94.8,67.0,0.0,High-High,15.424273548874373,96.8035271424635,73.0,15.466063348416291,-19.28190045248869,0.20407239819003564,21.475113122171948
Thomas J Higgins Elementary Community Academy,ES,41.68100687,-87.64702985,95.2,,0.5,,,,,,,,
Thomas J Waters Elementary School,ES,41.96434835,-87.69136881,96.1,85.0,0.4,,,,,,,,
Thomas Kelly High School,HS,41.81871101,-87.69467483,89.3,36.0,5.8,,,,,,,,
Thurgood Marshall Middle School,MS,41.9520236,-87.72035833,94.0,39.0,18.1,,,,,,,,
Turner-Drew Elementary Language Academy,ES,41.72560849,-87.6302048,95.8,56.0,24.0,High-High,22.748948283382102,73.84036006245982,51.0,4.4660633484162915,4.718099547511311,1.2040723981900356,-0.5248868778280524
Uplift Community High School,HS,41.96557412,-87.65252191,88.7,50.0,8.1,Low-High,72.71372247169397,87.24166437034995,62.0,-22.5,3.45,-2.950000000000003,-2.5
Velma F Thomas Early Childhood Center,ES,41.82776914,-87.67750501,,,0.0,,,,,,,,
Victor Herbert Elementary School,ES,41.87984242,-87.68031236,92.8,50.0,10.3,Mid-High,22.44621393856408,85.5975016074217,72.0,-1.5339366515837085,-8.981900452488688,-1.7959276018099644,20.475113122171948
Virgil Grissom Elementary School,ES,41.66245712,-87.55334334,95.5,62.0,2.5,High-High,21.9652575014387,94.11224396068705,64.0,10.466063348416291,-16.78190045248869,0.9040723981900385,12.475113122171948
VOISE Academy High School,HS,41.88520477,-87.76321191,84.5,42.0,25.0,,,,,,,,
Walt Disney Magnet Elementary School,ES,41.95680712,-87.6461175,96.4,,7.7,,,,,,,,
Walter L Newberry Math & Science Academy Elementary School,ES,41.91397435,-87.64601501,95.1,71.0,2.1,High-Low,11.58682577122191,95.26958758151925,66.0,19.46606334841629,-17.181900452488687,0.5040723981900328,14.475113122171948
Walter Payton College Preparatory High School,HS,41.90155157,-87.63453744,93.4,98.0,0.7,,,,,,,,
Walter Q Gresham Elementary School,ES,41.73891334,-87.64506169,95.5,25.0,35.4,Low-High,65.10300784768526,60.49416735556168,11.0,-26.53393665158371,16.11809954751131,0.9040723981900385,-40.52488687782805
Walter Reed Elementary School,ES,41.77839545,-87.63515406,92.4,29.0,75.5,,,,,,,,
Walter S Christopher Elementary School,ES,41.8016744,-87.68564411,86.1,,4.0,,,,,,,,
Washington D Smyser Elementary School,ES,41.95889037,-87.78201198,95.5,55.0,4.9,,,,,,,,
Washington Irving Elementary School,ES,41.87161238,-87.68357939,95.6,43.0,15.1,,,,,,,,
Wells Community Academy High School,HS,41.89900506,-87.66751989,74.1,51.0,16.9,,,,,,,,
Wendell E Green Elementary School,ES,41.71931953,-87.65248591,93.9,32.0,20.1,,,,,,,,
Wendell Phillips Academy High School,HS,41.82390751,-87.61978794,63.0,,22.0,,,,,,,,
Wendell Smith Elementary School,ES,41.70758462,-87.60468711,92.1,22.0,90.0,Low-Mid,94.38359475700244,9.754753375585565,1.0,-29.53393665158371,70.71809954751131,-2.495927601809967,-50.52488687782805
West Park Elementary Academy,ES,41.90691024,-87.73240646,93.7,29.0,16.3,,,,,,,,
West Pullman Elementary School,ES,41.67666008,-87.63570683,91.2,23.0,7.6,Low-High,35.108188323712284,85.45053733810968,47.0,-28.53393665158371,-11.681900452488689,-3.3959276018099587,-4.524886877828052
West Ridge Elementary School,ES,42.00299575,-87.70595357,94.9,67.0,6.8,,,,,,,,
Whitney M Young Magnet High School,HS,41.87859028,-87.66419634,94.6,95.0,1.2,High-Low,29.53885055219066,98.25479930191973,67.0,22.5,-3.4499999999999993,2.9499999999999886,2.5
Wildwood Elementary School,ES,42.00747007,-87.77837089,96.2,99.0,1.0,High-Low,28.236282772040415,98.95287958115182,67.0,47.46606334841629,-18.28190045248869,1.6040723981900413,15.475113122171948
Willa Cather Elementary School,ES,41.882977,-87.69922315,94.9,69.0,29.5,High-High,39.36152977936698,69.89988059153119,81.0,17.46606334841629,10.218099547511311,0.30407239819004417,29.475113122171948
William A Hinton Elementary School,ES,41.76536255,-87.6413274,91.7,18.0,28.9,,,,,,,,
William Bishop Owen Scholastic Academy Elementary School,ES,41.74287191,-87.70571301,96.9,49.0,1.2,High-Low,13.498879871500671,94.24083769633508,56.0,-2.5339366515837085,-18.08190045248869,2.304072398190044,4.475113122171948
William B Ogden Elementary School,ES,41.90003152,-87.62928901,95.1,,4.5,,,,,,,,
William C Goudy Elementary School,ES,41.97581137,-87.65794915,96.1,70.0,6.0,High-Mid,8.593505041404065,91.68733351703867,61.0,18.46606334841629,-13.281900452488689,1.5040723981900328,9.475113122171948
William C Reavis Math & Science Specialty Elementary School,ES,41.80420101,-87.6049443,93.5,48.0,37.2,Low-Low,50.08358985868183,60.76972536052172,26.0,-3.5339366515837085,17.918099547511314,-1.0959276018099615,-25.524886877828052
William E B Dubois Elementary School,ES,41.65376037,-87.61434156,93.3,47.0,48.5,,,,,,,,
William E Dever Elementary School,ES,41.94254335,-87.813168,95.5,67.0,2.1,High-Low,23.878827566934017,94.93891797556718,78.0,15.466063348416291,-17.181900452488687,0.9040723981900385,26.475113122171948
William F Finkl Elementary School,ES,41.84919885,-87.68570412,95.2,56.0,6.7,Mid-Mid,3.6219547157171483,89.67576008083033,52.0,4.4660633484162915,-12.58190045248869,0.6040723981900413,0.47511312217194757
William G Hibbard Elementary School,ES,41.97036267,-87.71036214,96.5,,3.0,,,,,,,,
William H Brown Elementary School,ES,41.88298698,-87.67071879,92.8,36.0,59.0,Mid-High,71.37994218898963,39.57931477909433,78.0,-15.533936651583709,39.718099547511315,-1.7959276018099644,26.475113122171948
William H King Elementary School,ES,41.87186209,-87.68875632,92.4,47.0,17.7,,,,,,,,
William Howard Taft High School,HS,41.98298852,-87.7915383,89.1,61.0,9.8,,,,,,,,
William H Prescott Elementary School,ES,41.92886824,-87.66955245,93.5,90.0,73.9,,,,,,,,
William H Ray Elementary School,ES,41.79234967,-87.59471544,95.1,69.0,6.7,,,,,,,,
William H Ryder Math & Science Specialty Elementary School,ES,41.73536767,-87.63887904,93.0,34.0,22.5,,,,,,,,
William H Seward Communication Arts Academy Elementary School,ES,41.81029632,-87.66880778,95.7,40.0,14.4,Mid-High,13.120795058449039,81.17938826122898,41.0,-11.533936651583709,-4.881900452488688,1.1040723981900413,-10.524886877828052
William J Bogan High School,HS,41.74934817,-87.72109673,75.2,20.0,5.8,,,,,,,,
William J & Charles H Mayo Elementary School,ES,41.82732778,-87.61978251,95.3,52.0,26.0,Mid-Mid,14.178682255837977,71.58996968861946,65.0,0.4660633484162915,6.718099547511311,0.7040723981900356,13.475113122171948
William J Onahan Elementary School,ES,41.99381787,-87.79308113,95.7,64.0,6.9,Mid-Low,23.266687751422698,90.27280242491044,27.0,12.466063348416291,-12.381900452488688,1.1040723981900413,-24.524886877828052
William Jones College Preparatory High School,HS,41.87441898,-87.62775497,93.8,92.0,4.5,,,,,,,,
William K New Sullivan Elementary School,ES,41.7438302,-87.542891,90.3,27.0,27.3,Low-High,38.78202961025008,67.64030495085883,40.0,-24.53393665158371,8.018099547511312,-4.295927601809964,-11.524886877828052
William Penn Elementary School,ES,41.85836995,-87.72133609,91.8,78.0,5.7,,,,,,,,
William P Gray Elementary School,ES,41.94878107,-87.75715297,95.6,57.0,5.9,,,,,,,,
William P Nixon Elementary School,ES,41.91959342,-87.73138368,95.6,52.0,3.5,,,,,,,,
William Rainey Harper High School,HS,41.77511222,-87.66912563,73.0,22.0,63.6,,,,,,,,
Williams Multiplex Elementary School,ES,41.84403809,-87.62859008,91.6,,17.0,,,,,,,,
Williams Preparatory Academy Middle School,MS,41.84403809,-87.62859008,93.3,49.0,14.8,,,,,,,,
William T Sherman Elementary School,ES,41.79978772,-87.65025483,92.3,32.0,230.6,,,,,,,,
William W Carter Elementary School,ES,41.78984129,-87.62248974,91.2,13.0,27.0,Low-High,42.702539074907904,66.71259300082667,35.0,-38.53393665158371,7.718099547511311,-3.3959276018099587,-16.524886877828052
Wilma Rudolph Elementary Learning Center,ES,41.88357478,-87.66951363,80.0,,0.0,,,,,,,,
Wolfgang A Mozart Elementary School,ES,41.92092734,-87.72192541,95.2,41.0,3.6,,,,,,,,
Woodlawn Community Elementary School,ES,41.77339962,-87.59435584,93.9,70.0,12.4,,,,,,,,
World Language Academy High School,HS,41.83601953,-87.73419465,91.6,51.0,4.0,,,,,,,,
